wikidata_code_B,education
wikidata_code_B,education
Q22686,"['Fordham University', 'The Wharton School', 'The Kew-Forest School', 'New York Military Academy', 'University of Pennsylvania']"
Q207,"['Yale College', 'The Kinkaid School', 'Phillips Academy', 'Harvard Business School']"
Q1744,"['University of Michigan School of Music, Theatre & Dance', 'Rochester Adams High School', 'University of Michigan']"
Q392,['University of Minnesota']
Q1124,"['Hot Springs High School', 'Edmund A. Walsh School of Foreign Service', 'University College', 'Yale Law School', 'Georgetown University']"
Q36107,['Santa Monica College']
Q6294,"['Maine South High School', 'Wellesley College', 'Yale Law School', 'Maine East High School']"
Q873,"['Vassar College', 'Yale University', 'Yale School of Drama']"
Q8877,['California State University']
Q39829,"['Lisbon High School', 'University of Maine']"
Q5928,"['Fort Campbell', 'Garfield High School']"
Q7542,['Central High School']
Q12003,['Montclair College Preparatory School']
Q19837,"['Reed College', 'Homestead High School']"
Q36949,"['Stella Adler Studio of Acting', 'Lee Strasberg Theatre and Film Institute']"
Q5284,"['Lakeside School', 'Harvard College']"
Q83338,"['Juilliard School', 'Claremont McKenna College', 'Detroit Country Day School', 'Redwood High School', 'College of Marin']"
Q4636,"['Erasmus Hall High School', 'Lee Strasberg Theatre and Film Institute']"
Q2263,"['California State University, Sacramento', 'Chabot College', 'Skyline High School']"
Q41148,['New York University Tisch School of the Arts']
Q2680,['Montclair State University']
Q40026,"['University of Miami', 'Charlotte Hall Military Academy']"
Q1225,['Ocean County College']
Q125121,"['Juilliard School', 'Northern High School']"
Q25144,['Juilliard School']
Q44301,"['St. Petersburg College', 'Florida State University', 'University of California, Los Angeles', 'UCLA School of Theater, Film and Television']"
Q127330,['Antelope Valley High School']
Q81328,['Ripon College']
Q359442,"['University of Chicago', 'James Madison High School', 'Brooklyn College']"
Q41163,"['HB Studio', 'Actors Studio', 'Lee Strasberg Theatre and Film Institute', 'Fiorello H. LaGuardia High School']"
Q38222,"['University of Southern California', 'Downey High School', 'USC School of Cinematic Arts']"
Q42101,"['Fordham University', 'Pennington-Grimes Elementary School', 'Oakland Military Academy', 'Mainland High School']"
Q19673,"['Harvard College', 'Vanderbilt University']"
Q2071,"['George Washington University', 'Pennsylvania Academy of the Fine Arts', 'AFI Conservatory']"
Q102642,"['Orange Coast College', 'Santa Ana College', 'Santa Ana High School', 'Neighborhood Playhouse School of the Theatre']"
Q108941,"['Sarah Lawrence College', 'Central School of Speech and Drama', 'Beverly Hills High School']"
Q1514,"['University of Texas at Austin', 'Lamar University']"
Q56008,['California Institute of the Arts']
Q44221,['Santa Monica College']
Q172678,['Morehouse College']
Q133050,"['The Catholic University of America', 'Edison High School']"
Q119798,"['University of California, Santa Barbara', 'Choate Rosemary Hall']"
Q134183,"['Everett High School', 'Michigan State University']"
Q80405,"['Boston University', 'Frankfurt American High School', 'Boston University College of Fine Arts']"
Q42229,['National Institute of Dramatic Art']
Q29250,"['Loyola Academy', 'Regis University']"
Q55800,"['Tennessee State University', 'Lincoln High School', 'Nicolet High School', 'East Nashville Magnet School', 'University of Tennessee']"
Q131725,['Boston University']
Q14441,"['Chadwick School', 'High School of Performing Arts', 'Fiorello H. LaGuardia High School']"
Q36290,['Cass Technical High School']
Q49001,['New York University']
Q11930,"['Buena High School', 'Villa Park High School', 'Mt. Whitney High School', 'California State University, Fullerton']"
Q372311,"['College of William & Mary', 'Choate Rosemary Hall']"
Q179051,"['University of California, Los Angeles', 'Power Memorial Academy']"
Q181677,"['Northwestern University', 'Medill School of Journalism']"
Q174843,"['University High School', 'HB Studio']"
Q159778,"['Golden West College', 'Fountain Valley High School']"
Q1545,['Johnson State College']
Q41314,['Erasmus Hall High School']
Q170587,['Harvard University']
Q189080,['Syracuse University']
Q170572,"['George Washington University', 'New York University Tisch School of the Arts', 'Lee Strasberg Theatre and Film Institute']"
Q173585,"['Cloquet High School', 'University of Minnesota']"
Q62975,['Edinboro University of Pennsylvania']
Q182665,['University of Michigan']
Q188772,['University of Wisconsin–Milwaukee']
Q102124,"['Stanford University', 'Sarah Lawrence College', 'Yale School of Drama']"
Q204299,"['Bethany College', 'Yale School of Drama']"
Q172140,"['Harvard Medical School', 'Harvard University']"
Q483325,['Tulane University']
Q185051,['Hofstra University']
Q48410,['University of Massachusetts Amherst']
Q179497,"['New York University Tisch School of the Arts', 'Trinity School', 'The Hill School', 'Yale University']"
Q104061,"['Lee Strasberg Theatre and Film Institute', 'Nassau Community College', 'Valley Stream Central High School']"
Q215072,['Missouri State University']
Q3454165,"[""Pennsylvania Governor's School for the Arts"", 'Circle in the Square Theatre School']"
Q25078,['Occidental College']
Q22316,"['Yale College', 'Boston College Law School', ""St. Paul's School"", 'Yale University']"
Q4028,"['Queens College', 'Brooklyn Law School', 'Forest Hills High School']"
Q16473,"['University of California, Los Angeles', 'California State University']"
Q187033,['Lee Strasberg Theatre and Film Institute']
Q544465,"['Southern Methodist University', 'William Esper Studio']"
Q184572,"['Chaminade High School', 'Chaminade-Julienne High School', 'Stella Adler Studio of Acting']"
Q131380,"['Clarke Central High School', 'William Esper Studio', 'University of Georgia', 'Neighborhood Playhouse School of the Theatre']"
Q51566,"['New York University Tisch School of the Arts', 'Morehouse College']"
Q557,['Rowan University']
Q607,"['Harvard Business School', 'Johns Hopkins University', 'Medford High School']"
Q174311,"['Juilliard School', 'Cornell University']"
Q6279,"['University of Delaware', 'Syracuse University College of Law', 'Archmere Academy', 'Syracuse University']"
Q567,"['German Academy of Sciences at Berlin', 'Leipzig University', 'Polytechnic Secondary School Templin', '']"
Q76364,['Hurtwood House']
Q44131,['Ludwig Maximilian University of Munich']
Q2530,['University of Göttingen']
Q55411,['University of Television and Film Munich']
Q76658,['University of Giessen']
Q76837,"['Paris Nanterre University', 'University of Paris (1896-1968)']"
Q60100,['University of Television and Film Munich']
Q38049,['West University of Timișoara']
Q16019,"['University of Freiburg', 'University of Hamburg']"
Q57218,"['Askanian Gymnasium', 'Freie Universität Berlin']"
Q17905,['Heilig-Geist-Gymnasium']
Q57344,['']
Q76906,['University of Göttingen']
Q60137,['University of London']
Q2538,['University of Rostock']
Q170344,['Kunstakademie Düsseldorf']
Q44845,"['Ludwig Maximilian University of Munich', 'University of Hamburg', 'Wittelsbacher-Gymnasium München']"
Q28921,['Städtisches Luisengymnasium München']
Q44340,['Ludwig Maximilian University of Munich']
Q105994,['Ludwig Maximilian University of Munich']
Q2542,['University of Tübingen']
Q65321,['Deutsche Film- und Fernsehakademie Berlin']
Q65126,['Humboldt University of Berlin']
Q76699,"['Heidelberg University', 'Freie Universität Berlin', 'Kurfürst-Friedrich-Gymnasium (Heidelberg)', 'University of Freiburg']"
Q2540,['University of Osnabrück']
Q44507,"['Ludwig Maximilian University of Munich', 'Hochschule für Politik München']"
Q55418,['Ludwig Maximilian University of Munich']
Q60996,['Französisches Gymnasium Berlin']
Q203806,['Ludwig Maximilian University of Munich']
Q77174,"['University of Tübingen', 'Goethe University Frankfurt']"
Q160902,"['University of Göttingen', 'Ratsgymnasium Goslar']"
Q57954,"['University of Bonn', '']"
Q497712,"['Kunstakademie Düsseldorf', 'University of Duisburg-Essen']"
Q164624,"[""St. John's University""]"
Q1670311,"['University of Marburg', 'University of Giessen']"
Q59485,['Hochschule für bildende Künste Hamburg']
Q72245,['University of Würzburg']
Q110719,"['University of Bonn', 'Saarland University']"
Q65896,['University of Jena']
Q65116,['Ernst Busch Academy of Dramatic Arts']
Q60735,['University of Bonn']
Q61629,"['Ludwig Maximilian University of Munich', 'Pantheon-Sorbonne University']"
Q697129,"['University of Tübingen', 'State University of Music and Performing Arts Stuttgart']"
Q71024,"['University of Würzburg', 'Technical University of Munich', 'Technische Universitat Braunschweig']"
Q614851,['University of Montana']
Q75791,['Ludwig Maximilian University of Munich']
Q97270,"['University of Göttingen', 'RWTH Aachen University', 'Harvard University']"
Q65774,"['State University of Music and Performing Arts Stuttgart', 'Hölderlin-Gymnasium Nürtingen']"
Q60813,['High School of Music Hanns Eisler']
Q67268,['Deutsche Film- und Fernsehakademie Berlin']
Q62331,['Hochschule für Grafik und Buchkunst Leipzig']
Q164721,['Französisches Gymnasium Berlin']
Q65123,"['', 'University of Tübingen', 'University of Education Schwaebisch Gmuend', 'Freie Universität Berlin']"
Q1203,"['Liverpool College of Art', 'Calderstones School', 'Dovedale Primary School']"
Q17714,"['University College', 'Trinity Hall', 'St Albans School', 'St Albans High School for Girls']"
Q5383,['Ravensbourne']
Q2599,['Liverpool Institute High School for Boys']
Q2643,"['Liverpool Institute High School for Boys', 'Dovedale Primary School']"
Q2808,"['Royal Academy of Music', 'University of London']"
Q15869,"[""St. Peter's Boys School""]"
Q43274,"['Aberystwyth University', 'Trinity College', 'Royal Air Force College Cranwell', 'Hill House International Junior School', 'Cheam School', 'Gordonstoun', 'Geelong Grammar School', 'Britannia Royal Naval College']"
Q483203,['University of Warwick']
Q48187,['Kingston University']
Q83492,['Rose Bruford College']
Q128121,"['London School of Economics and Political Science', 'Dartford Grammar School']"
Q349391,['Middlesex University']
Q9545,"[""St John's College"", 'Fettes College', 'City Law School', 'Chorister School']"
Q15873,"['Imperial College London', 'University of London']"
Q44461,"['Balliol College', 'University of Oxford', 'Oundle School']"
Q106481,"['Royal College of Art', 'Chelsea College of Art and Design', 'Royal Academy of Dramatic Art', 'Latymer Upper School']"
Q166389,"['Bristol Old Vic Theatre School', 'Sevenoaks School', 'Bedales School']"
Q80,"[""The Queen's College"", 'Emanuel School']"
Q180861,"['Cambridgeshire High School for Boys', 'University of Westminster']"
Q44306,"['Rugby School', ""King's College"", 'University of Cambridge']"
Q168724,"['Newnham College', 'University of Cambridge']"
Q16296,['Bristol Old Vic Theatre School']
Q189599,['London School of Economics and Political Science']
Q175195,['Charterhouse School']
Q171745,"['Sherborne School', 'Bristol Old Vic Theatre School']"
Q163286,"['New College', 'Latymer Upper School', 'Wetherby School']"
Q173061,['Anglia Ruskin University']
Q162492,['Royal Conservatoire of Scotland']
Q58444,"[""Queen's University Belfast""]"
Q23760,"['Newcastle University', ""The Queen's College"", 'Chorister School', 'St. Bees School']"
Q173158,"['The Manchester Grammar School', 'University of Salford', 'Pendleton College']"
Q42,"[""St John's College"", 'Brentwood School']"
Q46248,['John Hampden Grammar School']
Q180975,"['Royal College of Music', 'Magdalen College', 'Westminster School']"
Q49017,"['Selwyn College', 'Eton College']"
Q309926,"['Staffordshire University', 'Ysgol Syr Thomas Jones']"
Q185165,['University High School']
Q210059,['Whitgift School']
Q190151,['Queen Mary University of London']
Q192912,"[""Queens' College""]"
Q200405,"[""Saint Martin's School of Art"", 'Royal Academy of Dramatic Art', ""St Michael's Preparatory School, Otford"", 'Central Saint Martins']"
Q49081,"['University of Oxford', 'The Leys School']"
Q234679,"[""St. Hilda's School, Bushey""]"
Q185343,"['University of Leeds', 'Gosforth Academy', 'Harlow College']"
Q264766,"['Wheatley Park School', ""St Hugh's College""]"
Q569003,['University of Southampton']
Q205739,['Northampton School for Boys']
Q200534,"['University of Cambridge', 'Fettes College']"
Q178517,['Anglia Ruskin University']
Q10648,"['University of Edinburgh', 'Kirkcaldy High School']"
Q151231,['Royal Academy of Music']
Q428223,['King Edward VI College Stourbridge']
Q55294,['Royal Academy of Dramatic Art']
Q82238,"[""St. Thomas' Church School, Howrah""]"
Q117392,['London Academy of Music and Dramatic Art']
Q52392,['University of Birmingham']
Q191104,"['Royal Academy of Dramatic Art', 'Rotherham College of Arts and Technology']"
Q3008,['Elvian School']
Q210741,"['University of Cambridge', 'Pembroke College']"
Q223985,"['Brasenose College', 'Shrewsbury School', 'Birkdale School']"
Q204943,"[""Pate's Grammar School""]"
Q181413,"['Central School of Speech and Drama', 'The Open University']"
Q208590,"[""Cheltenham Ladies' College"", 'Central School of Speech and Drama', 'Leweston School', 'National School of Arts and Techniques of theater']"
Q194419,"['Stowe School', 'Scaitcliffe']"
Q190379,"['Woolverstone Hall School', 'University of Sussex', 'University of East Anglia']"
Q193648,"['Royal College of Art', 'University of Sunderland', 'Leeds Arts University', 'The Grangefield Academy', 'The Northern School of Art']"
Q47878,['Hackney College']
Q134867,['Bangor University']
Q26933,['Acton High School']
Q24962,"['University of Cambridge', 'Emmanuel College', 'Queen Mary University of London']"
Q106662,['Westminster Kingsway College']
Q151814,"['Elmhurst School for Dance', 'Tring Park School for the Performing Arts', 'Royal College of Music']"
Q9559,['Rutlish School']
Q732661,['Glasgow School of Art']
Q296028,['Guildhall School of Music and Drama']
Q211588,"['Fitzwilliam College', 'Marlborough College']"
Q210669,['University College London']
Q310052,"[""City of London Freemen's School"", 'Central School of Art and Design']"
Q45909,"['Goldsmiths, University of London', 'Ammanford Grammar School']"
Q44980,"['Broomloan Road Primary School', 'Govan High School']"
Q153330,"['Britannia Royal Naval College', 'Heatherdown Preparatory School', 'Lakefield College School', 'Gordonstoun']"
Q329,"['Paris Nanterre University', 'University of Paris (1896-1968)', 'Sciences Po', 'Lycée Chaptal']"
Q157,"['Panthéon-Assas University', 'Sciences Po', 'HEC Paris', ""École nationale d'administration"", 'Jean-Baptiste-de-La-Salle de Rouen School', 'Lycée Pasteur']"
Q208258,['Lycée Paul-Valéry']
Q106383,['Cours Florent']
Q106365,"[""Conservatoire national supérieur d'art dramatique"", 'Institut national des langues et civilisations orientales', 'Conservatoire à rayonnement régional de Versailles']"
Q104326,['Conservatoire de Paris']
Q103114,"['Lycée Chaptal', 'Institut National Agronomique Paris-Grignon', 'École nationale supérieure Louis-Lumière']"
Q43697,"['Lycée Carnot', 'Cours Simon']"
Q101410,"['Le Mans University', 'Paris Descartes University - Sorbonne Paris Cité', 'Château des Perrays (Parigné-le-Pôlin)', '', 'Sciences Po']"
Q222944,"['Lycée Henri-IV', 'Lycée Michel-Montaigne']"
Q106303,['Cours Florent']
Q42037,"['University of Bristol', 'Aix-Marseille University', 'University of Nice Sophia-Antipolis', 'University of Provence - Aix-Marseille I']"
Q53939,['Sorbonne']
Q313509,"['École normale supérieure', 'Lycée Pasteur', 'Lycée Louis-le-Grand', 'Sciences Po']"
Q47576,"['University of Strasbourg', 'University of Strasbourg']"
Q484605,"['Paris Nanterre University', 'Holton-Arms School', 'Sciences Po Aix', 'University of Paris (1896-1968)', 'Sciences Po']"
Q105158,"['Conservatoire de Paris', 'Cours Florent']"
Q159876,"['Sofia University', 'Paris 8 University']"
Q171530,"['Lycée Henri-IV', 'University of Paris (1896-1968)']"
Q385437,"['HEC Paris', 'University of Bristol', 'Sciences Po', 'Lycée Carnot', 'Paris Nanterre University', 'University of Paris VI: Pierre-and-Marie-Curie University', 'University of Paris (1896-1968)']"
Q5829,"['University of Franche-Comté', 'Lycée Regnault', 'Lycée Pierre-Corneille']"
Q1716,['Lycée Montaigne']
Q106607,"[""Conservatoire national supérieur d'art dramatique"", 'University of Paris (1896-1968)']"
Q106349,['Sciences Po Aix']
Q7060,['University of Caen Normandy']
Q106573,"['École alsacienne', ""Conservatoire national supérieur d'art dramatique"", 'Conservatoire de Paris', 'Cours Simon']"
Q215569,"['École normale supérieure', 'Lycée Louis-le-Grand', ""École nationale d'administration"", 'Sciences Po']"
Q81923,"['University Nancy II', ""École nationale d'administration"", 'Sciences Po', 'University of Lorraine']"
Q217324,['lycée Henri-Poincaré']
Q115735,['Drama Centre London']
Q214317,['École nationale supérieure des Beaux-Arts']
Q310692,"['Sciences Po', 'Lycée Pasteur']"
Q355237,"['Tours University', 'School for Advanced Studies in the Social Sciences']"
Q551439,['Cours Hattemer']
Q600051,"['Collège Stanislas de Paris', 'Cours Simon']"
Q240802,['Conservatoire national supérieur de musique et de danse']
Q217070,"['Lycée Louis-le-Grand', 'École normale supérieure', ""École nationale d'administration"", 'Sciences Po', 'Lycée Janson-de-Sailly']"
Q154490,['Institut des hautes études cinématographiques']
Q364315,"['École Polytechnique', 'Paris Dauphine University', ""École nationale d'administration"", 'Mines ParisTech', 'Sciences Po', 'Lycée Janson-de-Sailly']"
Q713477,['Lycée Condorcet']
Q380443,"['École normale supérieure de Saint-Cloud', 'Lycée Henri-IV']"
Q337226,['Lycée Henri-IV']
Q131660,"['Sciences Po', 'University of Paris (1896-1968)', ""École nationale d'administration"", 'Paris Nanterre University', 'Panthéon-Assas University']"
Q366057,['Lycée Louis-le-Grand']
Q565692,['Cours Florent']
Q332689,['University of Nice Sophia-Antipolis']
Q12963,['Bordeaux Montaigne University']
Q173994,"['École Polytechnique', 'Paris Dauphine University', 'Massachusetts Institute of Technology', 'École des Ponts ParisTech']"
Q268675,"['Panthéon-Assas University', 'Paris-Sorbonne University - Paris IV', 'University of Paris VI: Pierre-and-Marie-Curie University']"
Q557272,['Cours Florent']
Q183471,['']
Q561124,"[""Conservatoire national supérieur d'art dramatique""]"
Q378116,"['École normale supérieure', 'Lycée Louis-le-Grand', 'Pantheon-Sorbonne University', 'University of Paris (1896-1968)']"
Q543169,"[""Conservatoire national supérieur d'art dramatique""]"
Q10681,"['Lycée Voltaire', 'University of Paris III: Sorbonne Nouvelle', 'University of Rennes 2 - Upper Brittany', 'École pratique des hautes études']"
Q32055,['École Polytechnique']
Q550717,"['École nationale supérieure des Beaux-Arts', 'University of Paris III: Sorbonne Nouvelle']"
Q267244,"[""Conservatoire national supérieur d'art dramatique"", 'Conservatoire à rayonnement régional de Tours']"
Q518457,"[""Conservatoire national supérieur d'art dramatique""]"
Q548400,['Lycée Pasteur']
Q38554,"['Cours Simon', 'University of Poitiers']"
Q238315,['Institut des hautes études cinématographiques']
Q284731,['Cours Simon']
Q982005,"['Saint-Jean de Passy', 'University of Paris VI: Pierre-and-Marie-Curie University']"
Q447507,['Paris Nanterre University']
Q42402,['University of Pisa']
Q53009,['La Sapienza University of Rome']
Q189307,['University of Padua']
Q203840,['Finch College']
Q47683,['University of Genoa']
Q315258,"[""Accademia Nazionale d'Arte Drammatica Silvio D'Amico""]"
Q47904,"['Bocconi University', 'Yale University']"
Q25106,['University of Genoa']
Q83182,['Milan Conservatory']
Q276038,['Milan Conservatory']
Q311687,['La Sapienza University of Rome']
Q232468,['University of Siena']
Q380685,"[""Accademia Nazionale d'Arte Drammatica Silvio D'Amico"", 'Experimental Centre of Cinematography']"
Q235351,['Bristol Old Vic Theatre School']
Q485885,['University of Bologna']
Q294460,"['Liceo Classico Massimiliano Massimo', 'La Sapienza University of Rome', 'Massachusetts Institute of Technology']"
Q50002,['Bocconi University']
Q231781,"['University of Paris (1896-1968)', 'University of Pisa', 'Scuola Normale Superiore']"
Q295589,['University of Turin']
Q5444,"['University of Bari', 'University of Salerno', ""D'Annunzio University of Chieti–Pescara""]"
Q229437,['University of Florence']
Q47602,['University of Pisa']
Q60306,['Central Saint Martins']
Q440710,['La Sapienza University of Rome']
Q559529,['University of Bologna']
Q560126,['La Sapienza University of Rome']
Q55460,"[""Accademia Nazionale d'Arte Drammatica Silvio D'Amico"", 'La Sapienza University of Rome']"
Q47583,['La Sapienza University of Rome']
Q363413,['Experimental Centre of Cinematography']
Q160058,"['University of Milan', 'Milan Conservatory']"
Q25153,['University of Milan']
Q47832,['University of Pavia']
Q53046,"['La Sapienza University of Rome', 'Experimental Centre of Cinematography']"
Q254462,"[""Accademia Nazionale d'Arte Drammatica Silvio D'Amico""]"
Q524544,"[""Accademia Nazionale d'Arte Drammatica Silvio D'Amico""]"
Q3956186,"['La Sapienza University of Rome', 'University of Palermo']"
Q106927,['Brera Academy']
Q505666,['IUAV University of Venice']
Q471344,['Lycée français Chateaubriand']
Q2426702,['University of Bologna']
Q47547,['University of Milan']
Q234621,['Experimental Centre of Cinematography']
Q47556,['University of Bologna']
Q134798,['Waseda University']
Q26372,"['Adachi Ward fourth junior high school', 'Tokyo Metropolitan Adachi High School', 'Meiji University']"
Q272855,"['University of Kent', 'University of East Anglia', 'Woking County Grammar School for Boys']"
Q132345,"['Seikei University', 'University of Southern California', 'USC Sol Price School of Public Policy', 'Seikei Elementary School', 'Seikei Junior and Senior High School']"
Q345494,['Tokyo University of the Arts']
Q275900,['Kunitachi College of Music']
Q12382,['Kanazawa College of Art']
Q185421,['Japan Institute of the Moving Image']
Q285084,['Tokyo Gakugei University']
Q705522,['Nihon University']
Q348436,['Meisei University']
Q219948,"[""Japan Women's University""]"
Q378710,['Miyagi Prefectural Sanuma Senior High School']
Q23261,['Osaka University of Arts']
Q312327,['Kanagawa University']
Q380265,['Musashino Art University']
Q273652,['']
Q381799,['University of Southern California']
Q205058,['Yokohama City University']
Q457860,['Chuo University']
Q253350,"[""Japan Women's University""]"
Q53834,"['Rikkyo University', 'Sundance Institute']"
Q110963,"['Tohoku University', 'Toyama Chubu High school', 'Toyama City Shimazono Junior High School']"
Q526725,"['Cooper Union', 'Tokyo University of the Arts']"
Q730065,"['University of Tokushima', 'Nagoya University']"
Q131077,"['University of Tokyo', 'Stanford University']"
Q719205,['Waseda University']
Q713511,['Keio University']
Q919236,['Rikkyo University']
Q451058,"['Waseda University', 'University of Hamburg', 'University of Zurich']"
Q725462,"['University of Tokyo', 'Columbia University', 'Keio University']"
Q217096,"['Merton College', 'Gakushuin University']"
Q236684,['Seikei University']
Q34580,['Setagaya Gakuen  Junior High School and  High School']
Q535906,"['California State University, Los Angeles']"
Q238290,['University of Music and Performing Arts Vienna']
Q738544,['Nihon University']
Q1344415,['Kanto Gakuin University']
Q206215,['Kyoto University']
Q1138332,['Meiji University']
Q125970,['Osaka Prefecture University']
Q267471,['Tama Art University']
Q305523,"['Institut national des langues et civilisations orientales', 'Wako University']"
Q384863,['Keio University']
Q2015324,"['Aichi Prefectural University of Fine Arts and Music', 'Kunstakademie Düsseldorf']"
Q11538917,"['Saitama University', 'University of Tokyo']"
Q917318,"['Meiji Gakuin University', 'Meiji University']"
Q261703,"['Cairo  University', 'Kwansei Gakuin University', 'The American University in Cairo']"
Q241771,"[""Aoyama Gakuin Women's Junior College""]"
Q748582,['Tama Art University']
Q1323453,"[""Fuji Women's University""]"
Q316013,['Tokyo Institute of Technology']
Q467415,['Kyushu Sangyo University']
Q272469,['Tokai University']
Q256425,['University of Tsukuba']
Q2468115,['Nishio high school']
Q633278,['']
Q3276491,['Meiji University']
Q11443689,['Nagoya University']
Q1073993,['Rikkyo University']
Q1303674,['Meiji Gakuin University']
Q1196609,['Gakushuin University']
Q439417,['Nippon Sport Science University']
Q705221,['Rikkyo University']
Q1253343,['Nippon Sport Science University']
Q717038,"['University of California, Berkeley']"
Q130853,['National Conservatory of Music of Mexico']
Q168482,"['ETH Zurich', 'Polytechnic University of Valencia', 'Fu Foundation School of Engineering and Applied Science']"
Q122003,"['University of Murcia', 'University of Madrid', 'Complutense University of Madrid']"
Q485165,['Conservatori Superior de Música del Liceu']
Q156799,['University of Seville']
Q41395,['University of León']
Q10819,['University of Santiago de Compostela']
Q155106,"['Complutense University of Madrid', 'Facultad de Ciencias de la Información (Universidad Complutense de Madrid)']"
Q55637,['Complutense University of Madrid']
Q363577,['Facultad de Filosofía y Letras (Universidad de Granada)']
Q310161,['University of Barcelona']
Q234807,['École nationale supérieure des Beaux-Arts']
Q299161,['Complutense University of Madrid']
Q154855,"['Complutense University of Madrid', 'University of Virginia']"
Q232273,['University of Barcelona']
Q317512,['Complutense University of Madrid']
Q8015,['University of Barcelona']
Q450335,"['University of Granada', 'Complutense University of Madrid', 'Escuelas Profesionales de la Sagrada Familia']"
Q317182,['Conservatori Superior de Música del Liceu']
Q334412,"['École nationale supérieure des Beaux-Arts', 'University of Geneva', 'École du Louvre']"
Q318808,['University of Seville']
Q274348,['Complutense University of Madrid']
Q381934,['Complutense University of Madrid']
Q312901,"['Technical University of Madrid', 'Complutense University of Madrid', 'Stanford University', 'French Institute of Petroleum', 'Complutense University of Madrid']"
Q2851133,"['Jean Moulin University - Lyon 3', 'Paris Nanterre University']"
Q365616,['University of the Basque Country']
Q245207,['Technical University of Madrid']
Q2083681,['Complutense University of Madrid']
Q355265,"['University of Barcelona', 'Autonomous University of Barcelona']"
Q2320966,['Complutense University of Madrid']
Q221771,"['University of Barcelona', 'Universidad de Bilbao']"
Q311229,"['University of Deusto', 'John F. Kennedy School of Government', 'University of Paris (1896-1968)']"
Q144048,['Technical University of Madrid']
Q952160,"['Complutense University of Madrid', 'University of Music and Performing Arts Vienna']"
Q439168,['Colegio La Salle Bonanova']
Q614296,['University of Barcelona']
Q1367078,['University of Madrid']
Q719434,['Complutense University of Madrid']
Q779875,"['University of Barcelona', 'Autonomous University of Barcelona']"
Q447776,"['Bordeaux Montaigne University', 'School for Advanced Studies in the Social Sciences']"
Q614869,"['Logos University', 'National University of Distance Education']"
Q727416,['Complutense University of Madrid']
Q1396516,['Escola de la Llotja']
Q351738,['Faculty of Law (University of the Basque Country)']
Q42574,"['Fullerton College', 'California State University, Fullerton']"
Q633,['Kelvin High School']
Q482907,"['Argyle Secondary School', 'Henry Munro Middle School']"
Q205721,"['Alberta University of the Arts', 'Aden Bowman Collegiate']"
Q105221,"['Carleton University', 'Lisgar Collegiate Institute']"
Q55422,['University of Toronto']
Q216563,['Drug Enforcement Administration']
Q212730,"['McGill University', 'Harvard University', 'Dawson College']"
Q329744,['McMaster University']
Q234471,['Havergal College']
Q218532,"['McMaster University', 'Centennial College', 'Neil McNeil High School']"
Q207773,['Berklee College of Music']
Q59630,"['Windsor Park Collegiate, Winnipeg']"
Q206,['University of Calgary']
Q270664,['University of Toronto']
Q277895,['University of Western Ontario']
Q1076962,"['Royal Military College of Canada', 'United States Air Force', 'University of Tennessee']"
Q314935,['Fanshawe College']
Q313593,"['University of Toronto', 'Dulwich College', ""Queen's University""]"
Q343510,['Tufts University']
Q77112,['University of Southern California']
Q312129,['McMaster University']
Q81324,"['Stampede Wrestling', 'Ernest Manning High School', 'Mount Royal Collegiate']"
Q212167,['Trinity College']
Q380272,['McMaster University']
Q366834,"['California State University, Northridge', 'The Groundlings', 'Santa Monica College', 'Westchester Enriched Sciences Magnets']"
Q311684,"['University of Oxford', 'Trinity College', 'Harvard University', 'Upper Canada College', 'University of Toronto']"
Q521221,['University of Toronto']
Q236543,"['Mount Saint Vincent University', 'University of New Brunswick']"
Q467027,['University of Massachusetts Amherst']
Q128553,"['Peter A. Allard School of Law', 'London School of Economics and Political Science', 'University of British Columbia']"
Q707500,"['University of Toronto', 'Juilliard School']"
Q299140,['University of Delhi']
Q428755,['University of Iowa']
Q1258012,['University of Saskatchewan']
Q951634,['University at Buffalo']
Q1321265,['American Academy of Dramatic Arts']
Q739004,['York University']
Q363231,['Université de Montréal']
Q963626,['University of Toronto']
Q92608,"['University of Toronto', 'Princeton University']"
Q910625,['National Theatre School of Canada']
Q366456,"['Université Laval', 'Sciences Po']"
Q266467,['Central School of Speech and Drama']
Q237684,['Sarah Lawrence College']
Q253891,"[""Queen's University""]"
Q201670,['Simon Fraser University']
Q295647,"['McMaster University', 'University of Chicago']"
Q434272,"['University of Toronto Faculty of Law', 'University of Western Ontario']"
Q128933,"['Université de Montréal', 'University of Florence', 'University of Perugia']"
Q92622,"['Carnegie Mellon University', 'University of Calgary']"
Q318388,['J. L. Ilsley High School']
Q105494,"['Harvard Medical School', 'McGill University', 'Harvard University', 'The Rockefeller University']"
Q1343162,['University of New Hampshire']
Q550428,"['University of British Columbia', 'Courtauld Institute of Art']"
Q241081,['Centennial High School']
Q355188,['Royal Military College of Canada']
Q1336515,['University of Toronto']
Q362742,['Ryerson University']
Q725247,"['Corpus Christi College', 'Memorial University of Newfoundland']"
Q291455,['Royal Academy of Dramatic Art']
Q95099,"['University of Toronto Faculty of Law', 'University of Manitoba']"
Q288146,['The University of Victoria']
Q739820,"['McGill University Faculty of Law', 'Cornell University']"
Q348868,"[""St Anne's College""]"
Q1341481,['']
Q719134,['National Theatre School of Canada']
Q181678,"['Royal Institute of Technology', 'University of Sydney', 'Washington State University', 'Clemson University']"
Q232059,"['Northwestern University', 'Northwestern University School of Communication']"
Q45068,['Uppsala University']
Q179682,['Lund University']
Q382278,['Malmö Theatre Academy']
Q228862,['Stockholm Academy of Dramatic Arts']
Q52922,['Stockholm University']
Q218369,['Örebro University']
Q2740012,['Umeå University']
Q208591,['Uppsala University']
Q234973,['Guildhall School of Music and Drama']
Q588259,"['Uppsala University', ""St. John's Medical College""]"
Q53747,['Örebro University']
Q380376,['Uppsala University']
Q170342,['Uppsala University']
Q270559,['Swedish National Academy of Mime and Acting']
Q471175,['Lund University']
Q713514,['Swedish National Academy of Mime and Acting']
Q582603,['Stockholm University']
Q450630,['Stockholm University']
Q347695,['Uppsala University']
Q636212,"['University of California, Los Angeles']"
Q549955,['University of Gothenburg']
Q912866,['Stockholm University']
Q434362,['Swedish School of Sport and Health Sciences']
Q458752,['Malmö Theatre Academy']
Q703513,['Lund University']
Q3352161,['University of Gothenburg']
Q4962014,['Malmö Theatre Academy']
Q597639,['Chalmers University of Technology']
Q450686,"['Lund University', 'University of Tübingen', 'theological college Bethel', 'Geschwister-Scholl-Gymnasium Wetter', 'Uppsala University']"
Q376652,['Experimental Centre of Cinematography']
Q438883,"['Stockholm School of Economics', 'Stockholm University']"
Q232364,"['Architectural Association School of Architecture', 'Cornell University College of Architecture, Art, and Planning']"
Q159832,"['Maastricht Academy of Music', 'Royal Conservatory of Brussels', 'Royal Conservatory of Liège']"
Q311697,"['Mendelcollege', 'University of Groningen', 'Vrije Universiteit', 'University of Amsterdam']"
Q104104,"['', 'University of Manchester']"
Q184592,['Utrecht University']
Q133386,['Vrije Universiteit']
Q303350,"['Utrecht University', 'Radboud University Nijmegen', 'University of Groningen']"
Q239419,"['University of Buenos Aires', 'University of Notre Dame', 'University of Poitiers']"
Q384784,['Netherlands Film Academy']
Q30942,['University of Amsterdam']
Q465183,['International Writing Program']
Q3259614,['University of Groningen']
Q260617,"['University of Cape Town', 'Michaelis School of Fine Art']"
Q680728,"['Leiden University', 'Nihon University']"
Q540764,['Delft University of Technology']
Q352975,['University of Amsterdam']
Q983249,['University of Melbourne']
Q1387048,"['Surrey Institute of Art & Design, University College', ""Écoles d'art de Genève""]"
Q273812,['Leiden University']
Q269828,['Gerrit Rietveld Academie']
Q381657,"['University of Groningen', 'Leiden University', 'Radboud University Nijmegen']"
Q445121,['Conservatorium van Amsterdam']
Q2479548,"['Claremont Graduate University', 'Otis College of Art and Design']"
Q809744,"['University of Pittsburgh', 'University of Alberta']"
Q234485,"['Erasmus University Rotterdam', 'University of Hull']"
Q1882308,['Leiden University']
Q734930,['Conservatorium van Amsterdam']
Q565390,['Architectural Association School of Architecture']
Q944386,"['University of Groningen', 'University of Groningen']"
Q559012,['Netherlands Film Academy']
Q268821,['Leiden University']
Q598131,['Utrecht University']
Q1933451,['Gerrit Rietveld Academie']
Q301395,"['University of Amsterdam', 'Leiden University']"
Q166272,['University of Queensland']
Q192668,['Caulfield Grammar School']
Q42204,['National Institute of Dramatic Art']
Q211539,"['University College', 'University of Melbourne', 'Scotch College, Melbourne']"
Q307882,"['National Institute of Dramatic Art', 'Curtin University']"
Q446960,['University of New South Wales']
Q55424,"['Sydney Law School', 'University of Sydney']"
Q204162,['John Curtin College of the Arts']
Q331759,['Davidson High School']
wikidata_code_B,education
Q43135,[]
Q348577,"[""St John's College"", ""The Queen's College"", ""St Patrick's Seminary"", 'Sydney Law School', 'University of Sydney']"
Q43932,['Ashfield Boys High School']
Q927550,"['Sydney Law School', 'Vaucluse Public School', 'Brasenose College', 'University of Sydney']"
Q44653,"[""Ashfield Boys' High School""]"
Q26321,"['University of Melbourne', 'Darwin College', 'University of Cambridge']"
Q202136,['University of Western Australia']
Q313254,['Monash University']
Q435468,['Royal Academy of Dramatic Art']
Q242654,"['LaSalle Catholic College, Bankstown']"
Q457890,['The Chinese University of Hong Kong']
Q312464,['Sydney Church of England Grammar School']
Q370293,['Royal College of Music']
Q449220,['University of Sydney']
Q543563,"['Australian Film, Television and Radio School', 'University of Sydney']"
Q431128,['Royal College of Music']
Q434118,"['Campion Hall', 'University of Oxford', 'Monash University', ""St Patrick's College, Ballarat"", 'Loreto College, Victoria', 'Pontifical Urbaniana University']"
Q447694,['American Academy of Dramatic Arts']
Q166565,['Caulfield Grammar School']
Q352101,['The Southport School']
Q528907,"['Australian National University', 'University of New South Wales Law School']"
Q356383,"['Sydney Boys High School', 'University of Queensland']"
Q309814,"['University of Edinburgh', 'University of Queensland']"
Q172753,['Xavier College']
Q728660,"['La Trobe University', 'University of New South Wales', 'Monash University']"
Q505940,"['Australian Film, Television and Radio School']"
Q3312283,"[""St Peter's College"", 'University of Adelaide', 'University College']"
Q254385,['Anglican Church Grammar School']
Q438911,"['Australian Film, Television and Radio School', 'Victorian College of the Arts', 'Swinburne University of Technology']"
Q639522,"['University of Sydney', 'Freie Universität Berlin']"
Q260011,"['Columbia University Graduate School of Journalism', 'University of Sydney', 'Bethlehem College', 'Columbia University']"
Q951522,['Flinders University']
Q453592,['University of Melbourne']
Q276365,['National Institute of Dramatic Art']
Q977651,['University of Sydney']
Q92809,"['Stanford University', 'Flinders University']"
Q956227,"['Stanford University', 'University of California, Los Angeles', 'UCLA School of Theater, Film and Television']"
Q455177,['National Institute of Dramatic Art']
Q1676929,['National Film School in Łódź']
Q2460840,['University of Sydney']
Q608057,['Scotch College']
Q1239291,"['Newcastle University', 'Radley College', 'Geelong Grammar School', 'Newcastle University']"
Q950090,['Musicians Institute']
Q411903,['University of Cambridge']
Q202693,['Norwegian School of Economics']
Q57665,['University of Oslo']
Q185548,['University of Oslo']
Q290083,['University of Oslo']
Q256763,['University of Bergen']
Q443868,['University of Bergen']
Q207655,['MF Norwegian School of Theology']
Q434374,"['Oslo Waldorf School', 'Kunstakademie Düsseldorf']"
Q468043,['École normale supérieure']
Q211097,"['Norwegian School of Economics', 'Tepper School of Business']"
Q209611,['University of Oslo']
Q740561,['Oslo Waldorf School']
Q467948,"['Sciences Po', 'London School of Economics and Political Science', 'Royal Norwegian Naval Academy']"
Q738139,['Norwegian University of Science and Technology']
Q924430,['University of Bergen']
Q437736,['University of Oslo']
Q262626,['University of Sunderland']
Q473196,['University of Oslo']
Q524229,['Norwegian School of Sport Sciences']
Q739216,['Norwegian School of Sport Sciences']
Q1744061,['University of Oslo']
Q740631,['University of Oslo']
Q982892,['University of Bergen']
Q113265,['University of Oslo']
Q80404,['Montana State University - Bozeman']
Q968608,['University of Oslo']
Q1291349,['University of Oslo']
Q1398806,['Norwegian National Academy of Theatre']
Q740643,['Stockholm University']
Q271494,['']
Q1354155,['University of Oslo']
Q236621,['University of Oslo']
Q692904,['University of Oslo']
Q1397131,['Oslo Cathedral School']
Q924988,['Norwegian School of Sport Sciences']
Q133657,['University of Oslo']
Q936783,['University of Oslo']
Q2271800,"['MIT Sloan School of Management', 'Massachusetts Institute of Technology', 'University of Oslo']"
Q1779128,['University of Oslo']
Q2664975,"['Harvard Business School', 'Harvard University', 'Cornell University', 'University of St. Gallen']"
Q446644,['Oslo Conservatory of Music']
Q1896356,['University of Bergen']
Q1498825,['University of Oslo']
Q553839,['University of Oslo']
Q914070,['University of Iowa']
Q1772760,"['Norwegian National Academy of Craft and Art Industry', 'Norwegian National Academy of Fine Arts']"
Q55165,['National Film School in Łódź']
Q312101,['University of Łódź']
Q2757,"['Faculty of Law and Administration, University of Warsaw']"
Q946,['']
Q231019,['Academy of Performing Arts']
Q156277,['Higher Metropolitan Seminary in Warsaw']
Q515904,"['Institut des hautes études cinématographiques', 'Faculty of Arts of Paris']"
Q1377022,['University of Oxford']
Q55369,"['Jagiellonian University', 'Ludwik Solski Academy for the Dramatic Arts']"
Q163714,"['University of Warsaw', 'Adam Mickiewicz University in Poznań']"
Q229424,['University of Warsaw']
Q55758,['University of Gdańsk']
Q353461,['Academy of Music in Katowice']
Q168155,['Jagiellonian University']
Q55917,"['Faculty of Law and Administration, University of Warsaw', 'Copernicus Bilingual High School in Warsaw', '']"
Q68039,['Józef Piłsudski University of Physical Education in Warsaw']
Q272433,['Aleksander Zelwerowicz State Theatre Academy']
Q704388,['Aleksander Zelwerowicz State Theatre Academy']
Q42939,['University of Warsaw']
Q55910,['Silesian University of Technology']
Q351222,['Jagiellonian University']
Q55932,"['SGH Warsaw School of Economics', ""St. John's University""]"
Q385488,['Academy of Music in Kraków']
Q515592,['Aleksander Zelwerowicz State Theatre Academy']
Q125354,['Aleksander Zelwerowicz State Theatre Academy']
Q265996,['Aleksander Zelwerowicz State Theatre Academy']
Q55930,['Adam Mickiewicz University in Poznań']
Q534080,"['University of Warsaw', 'Yale University']"
Q494835,['National Film School in Łódź']
Q313171,['Eugeniusz Piasecki Academy of Physical Education in Poznan']
Q960311,['Adam Mickiewicz University in Poznań']
Q1683061,"['Faculty of Philosophy and Sociology, University of Warsaw']"
Q957078,['Jan Matejko Academy of Fine Arts in Krakow']
Q55366,['Ludwik Solski Academy for the Dramatic Arts']
Q361642,['']
Q453066,['Eugeniusz Piasecki Academy of Physical Education in Poznan']
Q271270,['National Film School in Łódź']
Q1349134,"['National Film School in Łódź', 'University of Warsaw']"
Q464531,['Józef Piłsudski University of Physical Education in Warsaw']
Q168169,['National Film School in Łódź']
Q55900,"['University of Łódź', 'London School of Economics and Political Science', 'Columbia University']"
Q902080,['National Film School in Łódź']
Q443436,['Ludwik Solski Academy for the Dramatic Arts']
Q720874,['Wrocław University of Technology']
Q539908,['Aleksander Zelwerowicz State Theatre Academy']
Q452946,['National Film School in Łódź']
Q1349845,['National Film School in Łódź']
Q361415,['Akademia Sztabu Generalnego']
Q448929,"['National Film School in Łódź', 'University of Łódź']"
Q288713,['Aleksander Zelwerowicz State Theatre Academy']
Q242090,"['SGH Warsaw School of Economics', '']"
Q237493,['Wrocław University of Technology']
Q55924,['SGH Warsaw School of Economics']
Q1347598,['National Film School in Łódź']
Q1373642,['Adam Mickiewicz University in Poznań']
Q274277,['Aleksander Zelwerowicz State Theatre Academy']
Q949330,"['National Film School in Łódź', 'University of Łódź']"
Q561127,['Faculty of Polish Studies at the University of Warsaw']
Q978224,"['Aleksander Zelwerowicz State Theatre Academy', '']"
Q942858,['National Film School in Łódź']
Q727926,['University of Physical Education in Wrocław']
Q55928,['Warsaw University of Technology']
Q519793,['University of Gdańsk']
Q2491982,['Ludwik Solski Academy for the Dramatic Arts']
Q350659,"['Faculty of Philosophy and Sociology, University of Warsaw', 'Northwestern University']"
Q320786,['Ludwik Solski Academy for the Dramatic Arts']
Q59549,"['Faculty of Law and Administration, University of Warsaw']"
Q55915,"['Faculty of Law and Administration, University of Warsaw', 'Columbia University']"
Q55920,"['University of Wrocław', 'Adam Mickiewicz University in Poznań']"
Q452723,['Jan Matejko Academy of Fine Arts in Krakow']
Q2994025,"['University of Wrocław', 'National Film School in Łódź']"
Q43749,['John Paul II Catholic University of Lublin']
Q28871,['University of Physical Education in Wrocław']
Q902463,"['Bauman Moscow State Technical University', 'Lodz University of Technology']"
Q928556,['University of Gdańsk']
Q7747,"['FSB Academy', 'Faculty of Law, Saint Petersburg State University', 'Academy of Foreign Intelligence', 'School 193', 'School 281', 'Saint Petersburg Mining University', 'Saint Petersburg State University']"
Q131674,['Sankt-Peterburgskiĭ gosudarstvennyĭ universitet. Ėkonomicheskiĭ fakulʹtet']
Q131240,['MSU Faculty of Journalism']
Q55207,"['Gerasimov Institute of Cinematography', 'Boris Shchukin Theatre Institute', 'Central Music School', 'GOU CO No. 1239']"
Q200015,"['Institute of Oriental Languages', 'university of Marxism-Leninism', 'Moscow State University', 'MSU The Institute of Asian and African Studies', 'Moscow State University, Faculty of Law']"
Q80510,"['Russian Institute of Theatre Arts', 'Ippolitov-Ivanov State Musical Pedagogical Institute']"
Q363846,['']
Q311019,"['Moscow State University', 'Moscow State Forest University', 'MSU Faculty of Mechanics and Mathematics']"
Q165693,['Saint Petersburg Conservatory']
Q295537,['H.S. Skovoroda Kharkiv National Pedagogical University']
Q44187,['Saint Petersburg Theological Academy']
Q125663,['MSU The Institute of Asian and African Studies']
Q55172,['Gerasimov Institute of Cinematography']
Q82695,['Moscow State University Faculty of Economics']
Q295898,['Ryazan Airborne Command High School']
Q316864,['Moscow State Academy of Physical Culture']
Q179846,"['Gagarin Air Force Academy', '""M.M. Raskova"" Higher Military Aviation School of Pilots in Tambov']"
Q557323,['Top Courses for Scriptwriters and Film Directors']
Q58217,"['Moscow State Institute of International Relations', 'School No.1414']"
Q319839,['Gubkin University']
Q314067,['Saratov Theatre School']
Q266661,['MSU Faculty of Biology']
Q182452,"['Oryol State University', 'Russian Academy of State Service']"
Q201005,"['Moscow Power Engineering Institute', 'Saint Petersburg State University of Engineering and Economics']"
Q233812,"['Russian State University of Physical Education, Sport, Youth and Tourism']"
Q438603,['Plekhanov Russian Economic University']
Q156546,['Moscow Conservatory']
Q319497,"['Moscow State Law University', '', '']"
Q158465,['MSU Faculty of Mechanics and Mathematics']
Q542101,"['', 'Saint Petersburg Lyceum 239']"
Q512015,['Moscow Conservatory']
Q563895,['M.S. Schepkin Higher Theatre School']
Q274342,['Saint Petersburg State University']
Q930903,"['Philological Faculty of Moscow State University', 'Top Courses for Scriptwriters and Film Directors']"
Q461085,['Russian Institute of Theatre Arts']
Q62551,['Moscow State Automobile and Road University of Technology']
Q314116,"['Gagarin Air Force Academy', 'Military Academy of the General Staff of the Armed Forces of Russia', 'Barnaul Military Aviation High School', 'Russian Academy of State Service']"
Q225193,['South Russian State Technical University']
Q32024,['Krasnoyarsk State Technical University']
Q2368352,['Russian Institute of Theatre Arts']
Q188296,['Saint Petersburg State University of Telecommunications']
Q2365826,['Moscow Art Theatre School']
Q463501,"['Moscow State Linguistic University', 'Moscow State Regional University']"
Q468626,['Saint Petersburg Conservatory']
Q2227698,"['Moscow Architectural Institute', 'Moscow school number 19']"
Q368947,"['Saint Petersburg Mining University', 'Saint Petersburg State Polytechnical University', 'Russian Academy of State Service', 'Faculty of Law, Saint Petersburg State University']"
Q268575,['Moscow Conservatory']
Q150080,"['Moscow State Technological University', 'All-Russian Academy of Foreign Trade']"
Q32927,['Saint Petersburg State University of Culture and Arts']
Q984154,"['National University of Theatre, Film and TV in Kiev']"
Q541213,"[""Peoples' Friendship University of Russia""]"
Q313989,"['Finance University under the Government of the Russian Federation', 'V. I. Lenin Military-Political Academy']"
Q167113,['Gerasimov Institute of Cinematography']
Q663116,['Saint Petersburg State Medical University']
Q620653,"['Boris Shchukin Theatre Institute', 'Top Courses for Scriptwriters and Film Directors', 'Moscow Art Theatre School']"
Q472356,['Philological Faculty of Moscow State University']
Q378027,['Moscow State Institute of International Relations']
Q319523,['MSU Faculty of Journalism']
Q302878,['Boris Shchukin Theatre Institute']
Q2362904,['Gerasimov Institute of Cinematography']
Q152318,"['Moscow Aviation Institute', '']"
Q204027,"['Faculty of Philology of Saint Petersburg State University', 'Academy of Foreign Intelligence']"
Q310643,"['Lesgaft National State University of Physical Education, Sport and Health']"
Q319517,['Moscow State Law University']
Q447069,['M.S. Schepkin Higher Theatre School']
Q836911,"['MSU Faculty of Mechanics and Mathematics', '']"
Q271485,['National University of Uzbekistan']
Q492975,['']
Q2533597,['Russian Institute of Theatre Arts']
Q2995395,['Moscow Art Theatre School']
Q196159,['MSU Faculty of Journalism']
Q537003,['Stroganov Moscow State University of Arts and Industry']
Q539500,['Gerasimov Institute of Cinematography']
Q1660403,['Russian Institute of Theatre Arts']
Q754131,"['Gerasimov Institute of Cinematography', 'Gerasimov Institute of Cinematography']"
Q2626247,['Moscow Art Theatre School']
Q2280388,['Faculty of Oriental Studies of the St. Petersburg University']
Q312956,['National University of Physical Education and Sport of Ukraine']
Q3888966,['Boris Shchukin Theatre Institute']
Q2622688,['Moscow Aviation Institute']
Q297006,"['', 'International islamic academy of Uzbekistan']"
Q1964825,"['Boris Shchukin Theatre Institute', 'Gerasimov Institute of Cinematography']"
Q544641,['Saint Petersburg State Theatre Arts Academy']
Q265610,['Gerasimov Institute of Cinematography']
Q3813416,['Dagestan State University']
Q721148,['M.S. Schepkin Higher Theatre School']
Q537251,"['Moscow State University, Faculty of Law']"
Q464772,['Moscow State Academy of Choreography']
Q351014,"['Sankt-Peterburgskiĭ gosudarstvennyĭ universitet. Ėkonomicheskiĭ fakulʹtet', 'Saint Petersburg State University']"
Q707119,"['Mathematics and Mechanics Faculty, St. Petersburg State University', 'Saint Petersburg Lyceum 239']"
Q277221,['']
Q464265,['Vaganova Academy of Russian Ballet']
Q40722,"['Federal University of Rio Grande do Sul', 'University of Campinas']"
Q309983,['Universidade Federal da Bahia']
Q221479,['Universidade Federal da Bahia']
Q333632,['Architecture and Urbanism College of University of São Paulo']
Q358158,"['University of Paris (1896-1968)', 'University of São Paulo']"
Q236503,['University of Brasília']
Q356719,"['École Polytechnique', 'Mines ParisTech', 'Collège Notre Dame de Jamhour', 'Collège Stanislas de Paris', 'Lycée Saint-Louis']"
Q102331,['University of São Paulo']
Q343293,['University of São Paulo']
Q458696,"['University of Southern California', 'USC School of Cinematic Arts', 'Pontifical Catholic University of Rio de Janeiro']"
Q235980,['Universidade Federal da Bahia']
Q240460,['Dalton School']
Q463533,"['Pontifícia Universidade Católica de São Paulo', 'Law School, University of São Paulo', 'University of São Paulo']"
Q265179,['University of São Paulo']
Q171346,['University of Brasília']
Q237693,['Universidade Federal do Acre']
Q703330,"['Massachusetts Institute of Technology', 'Federal University of Rio de Janeiro']"
Q263552,['École pratique des hautes études']
Q569063,"['Harvard Law School', 'Federal University of Rio de Janeiro']"
Q10304982,['Academia Militar das Agulhas Negras']
Q334835,"['University of Paris (1896-1968)', 'University of Fribourg']"
Q1140743,['Universidade Federal da Bahia']
Q1392583,['Avenida Edgard Santos']
Q379563,"['Polytechnic School of the University of São Paulo', 'Cornell University', 'University of São Paulo']"
Q2875339,['Pontifícia Universidade Católica de Minas Gerais']
Q954355,['Pontifícia Universidade Católica de São Paulo']
Q690238,"['Pontifical Catholic University of Rio de Janeiro', 'University of São Paulo']"
Q311407,['Federal University of Minas Gerais']
Q744798,"['Universidade Federal do Ceará', 'Harvard Law School']"
Q783657,['University of Music and Performing Arts Vienna']
