wikidata_code_b,education
Q22686,"['Fordham University', 'The Wharton School', 'The Kew-Forest School', 'New York Military Academy', 'University of Pennsylvania']"
Q207,"['Yale College', 'The Kinkaid School', 'Phillips Academy', 'Harvard Business School']"
Q1203,"['Liverpool College of Art', 'Calderstones School', 'Dovedale Primary School']"
Q1744,"['University of Michigan School of Music, Theatre & Dance', 'Rochester Adams High School', 'University of Michigan']"
Q17714,"['University College', 'Trinity Hall', 'St Albans School', 'St Albans High School for Girls']"
Q5383,['Ravensbourne']
Q392,['University of Minnesota']
Q2599,['Liverpool Institute High School for Boys']
Q1124,"['Hot Springs High School', 'Edmund A. Walsh School of Foreign Service', 'University College', 'Yale Law School', 'Georgetown University']"
Q2685,"['Santa Monica College', 'University of Wisconsin-Superior', 'University of California, Los Angeles', 'Ludwig Maximilian University of Munich']"
Q36107,['Santa Monica College']
Q6294,"['Maine South High School', 'Wellesley College', 'Yale Law School', 'Maine East High School']"
Q873,"['Vassar College', 'Yale University', 'Yale School of Drama']"
Q8877,['California State University']
Q39829,"['Lisbon High School', 'University of Maine']"
Q2643,"['Liverpool Institute High School for Boys', 'Dovedale Primary School']"
Q5928,"['Fort Campbell', 'Garfield High School']"
Q567,"['German Academy of Sciences at Berlin', 'Leipzig University', 'Polytechnic Secondary School Templin', '']"
Q7542,['Central High School']
Q2808,"['Royal Academy of Music', 'University of London']"
Q12003,['Montclair College Preparatory School']
Q7747,"['FSB Academy', 'Faculty of Law, Saint Petersburg State University', 'Academy of Foreign Intelligence', 'School 193', 'School 281', 'Saint Petersburg Mining University', 'Saint Petersburg State University']"
Q19837,"['Reed College', 'Homestead High School']"
Q15869,"[""St. Peter's Boys School""]"
Q36949,"['Stella Adler Studio of Acting', 'Lee Strasberg Theatre and Film Institute']"
Q5284,"['Lakeside School', 'Harvard College']"
Q83338,"['Juilliard School', 'Claremont McKenna College', 'Detroit Country Day School', 'Redwood High School', 'College of Marin']"
Q4636,"['Erasmus Hall High School', 'Lee Strasberg Theatre and Film Institute']"
Q2263,"['California State University, Sacramento', 'Chabot College', 'Skyline High School']"
Q42574,"['Fullerton College', 'California State University, Fullerton']"
Q43723,"['Massachusetts Institute of Technology', 'Harvard University', 'MIT Sloan School of Management', 'Cheltenham High School']"
Q16397,['University of Washington']
Q41148,['New York University Tisch School of the Arts']
Q2680,['Montclair State University']
Q55400,['Gakushuin University']
Q40026,"['University of Miami', 'Charlotte Hall Military Academy']"
Q1225,['Ocean County College']
Q125121,"['Juilliard School', 'Northern High School']"
Q25144,['Juilliard School']
Q36970,['Dickson College']
Q44301,"['St. Petersburg College', 'Florida State University', 'University of California, Los Angeles', 'UCLA School of Theater, Film and Television']"
Q43274,"['Aberystwyth University', 'Trinity College', 'Royal Air Force College Cranwell', 'Hill House International Junior School', 'Cheam School', 'Gordonstoun', 'Geelong Grammar School', 'Britannia Royal Naval College']"
Q127330,['Antelope Valley High School']
Q81328,['Ripon College']
Q359442,"['University of Chicago', 'James Madison High School', 'Brooklyn College']"
Q41163,"['HB Studio', 'Actors Studio', 'Lee Strasberg Theatre and Film Institute', 'Fiorello H. LaGuardia High School']"
Q483203,['University of Warwick']
Q38222,"['University of Southern California', 'Downey High School', 'USC School of Cinematic Arts']"
Q42101,"['Fordham University', 'Pennington-Grimes Elementary School', 'Oakland Military Academy', 'Mainland High School']"
Q48187,['Kingston University']
Q83492,['Rose Bruford College']
Q19673,"['Harvard College', 'Vanderbilt University']"
Q128121,"['London School of Economics and Political Science', 'Dartford Grammar School']"
Q2071,"['George Washington University', 'Pennsylvania Academy of the Fine Arts', 'AFI Conservatory']"
Q19878,"['Benghazi Military University Academy', 'University of Libya', 'Joint Services Command and Staff College']"
Q102642,"['Orange Coast College', 'Santa Ana College', 'Santa Ana High School', 'Neighborhood Playhouse School of the Theatre']"
Q1317,"['King Abdulaziz University', 'King Abdulaziz University', 'Al-Thager Model School', 'Brummana High School']"
Q108941,"['Sarah Lawrence College', 'Central School of Speech and Drama', 'Beverly Hills High School']"
Q1514,"['University of Texas at Austin', 'Lamar University']"
Q56008,['California Institute of the Arts']
Q44221,['Santa Monica College']
Q349391,['Middlesex University']
Q9545,"[""St John's College"", 'Fettes College', 'City Law School', 'Chorister School']"
Q15873,"['Imperial College London', 'University of London']"
Q36740,"['Lady Shri Ram College for Women', 'Basic Education High School No. 1 Dagon', ""St Hugh's College"", 'School of Oriental and African Studies', 'University of Delhi']"
Q329,"['Paris Nanterre University', 'University of Paris (1896-1968)', 'Sciences Po', 'Lycée Chaptal']"
Q44461,"['Balliol College', 'University of Oxford', 'Oundle School']"
Q172678,['Morehouse College']
Q133050,"['The Catholic University of America', 'Edison High School']"
Q119798,"['University of California, Santa Barbara', 'Choate Rosemary Hall']"
Q633,['Kelvin High School']
Q134183,"['Everett High School', 'Michigan State University']"
Q80405,"['Boston University', 'Frankfurt American High School', 'Boston University College of Fine Arts']"
Q482907,"['Argyle Secondary School', 'Henry Munro Middle School']"
Q42229,['National Institute of Dramatic Art']
Q134798,['Waseda University']
Q29250,"['Loyola Academy', 'Regis University']"
Q106481,"['Royal College of Art', 'Chelsea College of Art and Design', 'Royal Academy of Dramatic Art', 'Latymer Upper School']"
Q166389,"['Bristol Old Vic Theatre School', 'Sevenoaks School', 'Bedales School']"
Q55800,"['Tennessee State University', 'Lincoln High School', 'Nicolet High School', 'East Nashville Magnet School', 'University of Tennessee']"
Q131725,['Boston University']
Q14441,"['Chadwick School', 'High School of Performing Arts', 'Fiorello H. LaGuardia High School']"
Q36290,['Cass Technical High School']
Q81520,"[""Saint Martin's School of Art""]"
Q80,"[""The Queen's College"", 'Emanuel School']"
Q180861,"['Cambridgeshire High School for Boys', 'University of Westminster']"
Q44306,"['Rugby School', ""King's College"", 'University of Cambridge']"
Q49001,['New York University']
Q11930,"['Buena High School', 'Villa Park High School', 'Mt. Whitney High School', 'California State University, Fullerton']"
Q15031,"['Tsinghua University', 'Tsinghua University', 'Beijing BaYi School', 'Beijing 101 Middle School']"
Q168724,"['Newnham College', 'University of Cambridge']"
Q372311,"['College of William & Mary', 'Choate Rosemary Hall']"
Q157,"['Panthéon-Assas University', 'Sciences Po', 'HEC Paris', ""École nationale d'administration"", 'Jean-Baptiste-de-La-Salle de Rouen School', 'Lycée Pasteur']"
Q179051,"['University of California, Los Angeles', 'Power Memorial Academy']"
Q181677,"['Northwestern University', 'Medill School of Journalism']"
Q47780,"['Architectural Association School of Architecture', 'American University of Beirut']"
Q16296,['Bristol Old Vic Theatre School']
Q133730,"['National Film School of Denmark', 'Festuca']"
Q174843,"['University High School', 'HB Studio']"
Q76364,['Hurtwood House']
Q159778,"['Golden West College', 'Fountain Valley High School']"
Q189599,['London School of Economics and Political Science']
Q1545,['Johnson State College']
Q41314,['Erasmus Hall High School']
Q175195,['Charterhouse School']
Q170587,['Harvard University']
Q171745,"['Sherborne School', 'Bristol Old Vic Theatre School']"
Q163286,"['New College', 'Latymer Upper School', 'Wetherby School']"
Q189080,['Syracuse University']
Q173061,['Anglia Ruskin University']
Q208258,['Lycée Paul-Valéry']
Q170572,"['George Washington University', 'New York University Tisch School of the Arts', 'Lee Strasberg Theatre and Film Institute']"
Q162492,['Royal Conservatoire of Scotland']
Q173585,"['Cloquet High School', 'University of Minnesota']"
Q42402,['University of Pisa']
Q62975,['Edinboro University of Pennsylvania']
Q58444,"[""Queen's University Belfast""]"
Q23760,"['Newcastle University', ""The Queen's College"", 'Chorister School', 'St. Bees School']"
Q173158,"['The Manchester Grammar School', 'University of Salford', 'Pendleton College']"
Q182665,['University of Michigan']
Q188772,['University of Wisconsin–Milwaukee']
Q53009,['La Sapienza University of Rome']
Q102124,"['Stanford University', 'Sarah Lawrence College', 'Yale School of Drama']"
Q9570,"['Sherwood College', 'Kirori Mal College']"
Q204299,"['Bethany College', 'Yale School of Drama']"
Q172140,"['Harvard Medical School', 'Harvard University']"
Q42,"[""St John's College"", 'Brentwood School']"
Q46248,['John Hampden Grammar School']
Q180975,"['Royal College of Music', 'Magdalen College', 'Westminster School']"
Q49017,"['Selwyn College', 'Eton College']"
Q483325,['Tulane University']
Q185051,['Hofstra University']
Q48410,['University of Massachusetts Amherst']
Q179497,"['New York University Tisch School of the Arts', 'Trinity School', 'The Hill School', 'Yale University']"
Q104061,"['Lee Strasberg Theatre and Film Institute', 'Nassau Community College', 'Valley Stream Central High School']"
Q215072,['Missouri State University']
Q3454165,"[""Pennsylvania Governor's School for the Arts"", 'Circle in the Square Theatre School']"
Q25078,['Occidental College']
Q106383,['Cours Florent']
Q205721,"['Alberta University of the Arts', 'Aden Bowman Collegiate']"
Q22316,"['Yale College', 'Boston College Law School', ""St. Paul's School"", 'Yale University']"
Q309926,"['Staffordshire University', 'Ysgol Syr Thomas Jones']"
Q4028,"['Queens College', 'Brooklyn Law School', 'Forest Hills High School']"
Q16473,"['University of California, Los Angeles', 'California State University']"
Q130853,['National Conservatory of Music of Mexico']
Q185165,['University High School']
Q210059,['Whitgift School']
Q190151,['Queen Mary University of London']
Q187033,['Lee Strasberg Theatre and Film Institute']
Q544465,"['Southern Methodist University', 'William Esper Studio']"
Q184572,"['Chaminade High School', 'Chaminade-Julienne High School', 'Stella Adler Studio of Acting']"
Q192912,"[""Queens' College""]"
Q200405,"[""Saint Martin's School of Art"", 'Royal Academy of Dramatic Art', ""St Michael's Preparatory School, Otford"", 'Central Saint Martins']"
Q131380,"['Clarke Central High School', 'William Esper Studio', 'University of Georgia', 'Neighborhood Playhouse School of the Theatre']"
Q51566,"['New York University Tisch School of the Arts', 'Morehouse College']"
Q557,['Rowan University']
Q166272,['University of Queensland']
Q607,"['Harvard Business School', 'Johns Hopkins University', 'Medford High School']"
Q174311,"['Juilliard School', 'Cornell University']"
Q862,['Clare Hall']
Q6279,"['University of Delaware', 'Syracuse University College of Law', 'Archmere Academy', 'Syracuse University']"
Q106365,"[""Conservatoire national supérieur d'art dramatique"", 'Institut national des langues et civilisations orientales', 'Conservatoire à rayonnement régional de Versailles']"
Q26372,"['Adachi Ward fourth junior high school', 'Tokyo Metropolitan Adachi High School', 'Meiji University']"
Q8440,['Military Academy of the Bolivarian Army']
Q49081,"['University of Oxford', 'The Leys School']"
Q234679,"[""St. Hilda's School, Bushey""]"
Q104326,['Conservatoire de Paris']
Q76819,"['Lee Strasberg Theatre and Film Institute', 'Theresianum', 'Max Reinhardt Seminar']"
Q44131,['Ludwig Maximilian University of Munich']
Q272855,"['University of Kent', 'University of East Anglia', 'Woking County Grammar School for Boys']"
Q185343,"['University of Leeds', 'Gosforth Academy', 'Harlow College']"
Q264766,"['Wheatley Park School', ""St Hugh's College""]"
Q569003,['University of Southampton']
Q205739,['Northampton School for Boys']
Q200534,"['University of Cambridge', 'Fettes College']"
Q178517,['Anglia Ruskin University']
Q164521,['Grosvenor Grammar School']
Q160726,"['New York University Tisch School of the Arts', 'University of Illinois system', 'University of Illinois at Urbana–Champaign', 'National Taiwan University of Arts']"
Q34413,"['Radcliffe College', 'Lady Margaret Hall', 'Harvard University', ""St Catherine's College"", 'Convent of Jesus and Mary, Karachi', 'Karachi Grammar School', 'Convent of Jesus and Mary, Murree']"
Q10665,"['Kim Il-sung University', 'University of Malta']"
Q39259,['Marmara University Faculty of Economics and Administrative Sciences']
Q10648,"['University of Edinburgh', 'Kirkcaldy High School']"
Q2530,['University of Göttingen']
Q192668,['Caulfield Grammar School']
Q151231,['Royal Academy of Music']
Q103114,"['Lycée Chaptal', 'Institut National Agronomique Paris-Grignon', 'École nationale supérieure Louis-Lumière']"
Q184750,"['Bežigrad Grammar School', 'University of Ljubljana', 'University of Ljubljana', 'University of Ljubljana', 'Paris 8 University', 'University of Paris (1896-1968)']"
Q428223,['King Edward VI College Stourbridge']
Q55294,['Royal Academy of Dramatic Art']
Q55411,['University of Television and Film Munich']
Q82238,"[""St. Thomas' Church School, Howrah""]"
Q241248,"['Faculty of Communications', 'Istanbul Technical University', 'Robert College']"
Q184697,"['University of Miami', 'Our Lady of Lourdes Academy', 'St. Michael the Archangel Catholic Church']"
Q94882,['Film and TV School of the Academy of Performing Arts in Prague']
Q117392,['London Academy of Music and Dramatic Art']
Q52392,['University of Birmingham']
Q83566,['Liceo Javiera Carrera']
Q191104,"['Royal Academy of Dramatic Art', 'Rotherham College of Arts and Technology']"
Q189307,['University of Padua']
Q47139,['University of Belgrade Faculty of Law']
Q3008,['Elvian School']
Q160115,"['Parsons The New School for Design', 'Art Students League of New York', 'Beijing Film Academy', 'University of Pennsylvania', 'University of California, Berkeley']"
Q210741,"['University of Cambridge', 'Pembroke College']"
Q223985,"['Brasenose College', 'Shrewsbury School', 'Birkdale School']"
Q168482,"['ETH Zurich', 'Polytechnic University of Valencia', 'Fu Foundation School of Engineering and Applied Science']"
Q204943,"[""Pate's Grammar School""]"
Q105221,"['Carleton University', 'Lisgar Collegiate Institute']"
Q41617,"['Jilin University', 'Beijing Normal University', 'Beijing Normal University', 'Peking University']"
Q1253,"['Seoul National University', 'John F. Kennedy School of Government', 'Chungju High School', 'Harvard University']"
Q47496,"['art school', 'Academy of Fine Arts, Belgrade']"
Q131674,['Sankt-Peterburgskiĭ gosudarstvennyĭ universitet. Ėkonomicheskiĭ fakulʹtet']
Q181678,"['Royal Institute of Technology', 'University of Sydney', 'Washington State University', 'Clemson University']"
Q43697,"['Lycée Carnot', 'Cours Simon']"
Q181413,"['Central School of Speech and Drama', 'The Open University']"
Q40722,"['Federal University of Rio Grande do Sul', 'University of Campinas']"
Q4593,"['Trinity College', 'Imperial College London', 'The Doon School', 'University of Cambridge']"
Q208590,"[""Cheltenham Ladies' College"", 'Central School of Speech and Drama', 'Leweston School', 'National School of Arts and Techniques of theater']"
Q43969,"['Vanderbilt University', 'University of Dhaka', 'University of Colorado', 'Chittagong College']"
Q203840,['Finch College']
Q43293,"['University of Cape Town', 'University of Texas at Austin', 'University of Adelaide']"
Q122003,"['University of Murcia', 'University of Madrid', 'Complutense University of Madrid']"
Q194419,"['Stowe School', 'Scaitcliffe']"
Q84199,['University of Vienna']
Q190379,"['Woolverstone Hall School', 'University of Sussex', 'University of East Anglia']"
Q193648,"['Royal College of Art', 'University of Sunderland', 'Leeds Arts University', 'The Grangefield Academy', 'The Northern School of Art']"
Q203545,['Royal Academy of Dramatic Art']
Q55422,['University of Toronto']
Q185147,"[""Ashfield Boys' High School""]"
Q76658,['University of Giessen']
Q47878,['Hackney College']
Q134867,['Bangor University']
Q102139,"['University of Cambridge', 'London School of Economics and Political Science', 'Girton College', 'Aarhus University']"
Q26933,['Acton High School']
Q485165,['Conservatori Superior de Música del Liceu']
Q40649,['National University of La Plata']
Q24962,"['University of Cambridge', 'Emmanuel College', 'Queen Mary University of London']"
Q106662,['Westminster Kingsway College']
Q214309,"['University of Canterbury', 'Victoria University of Wellington']"
Q1058,"['Gujarat University', 'University of Delhi']"
Q55210,['University of Tehran']
Q42204,['National Institute of Dramatic Art']
Q450429,['Onondaga Community College']
Q151814,"['Elmhurst School for Dance', 'Tring Park School for the Performing Arts', 'Royal College of Music']"
Q152768,['Mozarteum University Salzburg']
Q320,"['University of Chile', 'Westland Middle School', 'Liceo Javiera Carrera', 'Humboldt University of Berlin', 'Leipzig University']"
Q189415,['Florida International University']
Q9559,['Rutlish School']
Q732661,['Glasgow School of Art']
Q216563,['Drug Enforcement Administration']
Q296028,['Guildhall School of Music and Drama']
Q101410,"['Le Mans University', 'Paris Descartes University - Sorbonne Paris Cité', 'Château des Perrays (Parigné-le-Pôlin)', '', 'Sciences Po']"
Q232059,"['Northwestern University', 'Northwestern University School of Communication']"
Q211588,"['Fitzwilliam College', 'Marlborough College']"
Q210669,['University College London']
Q216608,['Blackrock College']
Q310052,"[""City of London Freemen's School"", 'Central School of Art and Design']"
Q45909,"['Goldsmiths, University of London', 'Ammanford Grammar School']"
Q44980,"['Broomloan Road Primary School', 'Govan High School']"
Q15029,"['Jiangsu Taizhou High School', 'Tsinghua University']"
Q222944,"['Lycée Henri-IV', 'Lycée Michel-Montaigne']"
Q106303,['Cours Florent']
Q153330,"['Britannia Royal Naval College', 'Heatherdown Preparatory School', 'Lakefield College School', 'Gordonstoun']"
Q212730,"['McGill University', 'Harvard University', 'Dawson College']"
Q295420,['Vaganova Academy of Russian Ballet']
Q76837,"['Paris Nanterre University', 'University of Paris (1896-1968)']"
Q47243,"['Pamer', 'Konservatorium Wien']"
Q45068,['Uppsala University']
Q274334,['']
Q40495,"['Forman Christian College', 'Pakistan Military Academy', 'National Defence University', 'Royal College of Defence Studies', ""St Patrick's High School, Karachi""]"
Q55165,['National Film School in Łódź']
Q131240,['MSU Faculty of Journalism']
Q55431,['Hong Kong Polytechnic University']
Q55207,"['Gerasimov Institute of Cinematography', 'Boris Shchukin Theatre Institute', 'Central Music School', 'GOU CO No. 1239']"
Q60100,['University of Television and Film Munich']
Q214473,['University of Natal']
Q329744,['McMaster University']
Q42037,"['University of Bristol', 'Aix-Marseille University', 'University of Nice Sophia-Antipolis', 'University of Provence - Aix-Marseille I']"
Q296616,['University College Dublin']
Q234471,['Havergal College']
Q53939,['Sorbonne']
Q179682,['Lund University']
Q206659,['Royal Academy of Dramatic Art']
Q55430,['Beijing Film Academy']
Q202693,['Norwegian School of Economics']
Q309983,['Universidade Federal da Bahia']
Q313509,"['École normale supérieure', 'Lycée Pasteur', 'Lycée Louis-le-Grand', 'Sciences Po']"
Q132345,"['Seikei University', 'University of Southern California', 'USC Sol Price School of Public Policy', 'Seikei Elementary School', 'Seikei Junior and Senior High School']"
Q48283,"['NTU Dnipro Polyteсhnic', 'Oles Honchar Dnipro National University']"
Q47683,['University of Genoa']
Q318506,['All India Institutes of Medical Sciences']
Q38049,['West University of Timișoara']
Q208220,['Osaka University of Arts']
Q47576,"['University of Strasbourg', 'University of Strasbourg']"
Q8998,"[""People's Liberation Army Academy of Art"", 'Beijing Normal University']"
Q484605,"['Paris Nanterre University', 'Holton-Arms School', 'Sciences Po Aix', 'University of Paris (1896-1968)', 'Sciences Po']"
Q105158,"['Conservatoire de Paris', 'Cours Florent']"
Q211539,"['University College', 'University of Melbourne', 'Scotch College, Melbourne']"
Q106624,"['University of Pennsylvania', 'Alexandria University']"
Q57665,['University of Oslo']
Q156799,['University of Seville']
Q159876,"['Sofia University', 'Paris 8 University']"
Q315258,"[""Accademia Nazionale d'Arte Drammatica Silvio D'Amico""]"
Q200015,"['Institute of Oriental Languages', 'university of Marxism-Leninism', 'Moscow State University', 'MSU The Institute of Asian and African Studies', 'Moscow State University, Faculty of Law']"
Q57311,"['University of the Arctic', 'atheist', 'John F. Kennedy School of Government', 'Tufts University', 'The Fletcher School of Law and Diplomacy', 'Kansas State University']"
Q181425,['Liu Po Shan Memorial College']
Q218532,"['McMaster University', 'Centennial College', 'Neil McNeil High School']"
Q76139,"[""St. Mary's Christian Brothers' Grammar School, Belfast""]"
Q215905,['Juilliard School']
Q207773,['Berklee College of Music']
Q382278,['Malmö Theatre Academy']
Q312640,['Zurich University of the Arts']
Q47904,"['Bocconi University', 'Yale University']"
Q41395,['University of León']
Q171530,"['Lycée Henri-IV', 'University of Paris (1896-1968)']"
Q59630,"['Windsor Park Collegiate, Winnipeg']"
Q385437,"['HEC Paris', 'University of Bristol', 'Sciences Po', 'Lycée Carnot', 'Paris Nanterre University', 'University of Paris VI: Pierre-and-Marie-Curie University', 'University of Paris (1896-1968)']"
Q2866,"['Mogilev State A. Kuleshov University', 'Belarusian State Academy of Agriculture']"
Q46795,"['Benedictine College', 'University of Pittsburgh', 'University of Nairobi', 'Ludwig Maximilian University of Munich']"
Q313596,['University of Leeds']
Q187447,['University of Antioquia']
Q155538,"['Folkwang University of the Arts', 'Juilliard School']"
Q345494,['Tokyo University of the Arts']
Q5829,"['University of Franche-Comté', 'Lycée Regnault', 'Lycée Pierre-Corneille']"
Q25106,['University of Genoa']
Q232364,"['Architectural Association School of Architecture', 'Cornell University College of Architecture, Art, and Planning']"
Q317654,['Colegio San Ignacio de Loyola']
Q123206,['Zurich University of the Arts']
Q80510,"['Russian Institute of Theatre Arts', 'Ippolitov-Ivanov State Musical Pedagogical Institute']"
Q10819,['University of Santiago de Compostela']
Q221479,['Universidade Federal da Bahia']
Q314892,['Royal Academy of Dramatic Art']
Q1716,['Lycée Montaigne']
Q106607,"[""Conservatoire national supérieur d'art dramatique"", 'University of Paris (1896-1968)']"
Q106349,['Sciences Po Aix']
Q83182,['Milan Conservatory']
Q44107,['University of Graz']
Q31637,"['Iran Broadcasting College', 'University of Tehran']"
Q44274,['University of Vienna']
Q234716,['University of Minnesota']
Q34448,['Iran University of Science and Technology']
Q16019,"['University of Freiburg', 'University of Hamburg']"
Q57218,"['Askanian Gymnasium', 'Freie Universität Berlin']"
Q363846,['']
Q57402,"['Central American University', ""Peoples' Friendship University of Russia""]"
Q7060,['University of Caen Normandy']
Q307882,"['National Institute of Dramatic Art', 'Curtin University']"
Q275900,['Kunitachi College of Music']
Q55432,['Concordia Lutheran School']
Q276038,['Milan Conservatory']
Q106573,"['École alsacienne', ""Conservatoire national supérieur d'art dramatique"", 'Conservatoire de Paris', 'Cours Simon']"
Q155106,"['Complutense University of Madrid', 'Facultad de Ciencias de la Información (Universidad Complutense de Madrid)']"
Q17905,['Heilig-Geist-Gymnasium']
Q215569,"['École normale supérieure', 'Lycée Louis-le-Grand', ""École nationale d'administration"", 'Sciences Po']"
Q12978,['Ghent University']
Q333632,['Architecture and Urbanism College of University of São Paulo']
Q206,['University of Calgary']
Q270664,['University of Toronto']
Q138048,"['Sogang University', 'Grenoble Alpes University', 'Jangchung Elementary School', ""Sacred Heart Girls' Middle School"", ""Sacred Heart Girls' High School""]"
Q81923,"['University Nancy II', ""École nationale d'administration"", 'Sciences Po', 'University of Lorraine']"
Q217324,['lycée Henri-Poincaré']
Q155164,"['Keble College', 'Aitchison College', 'Royal Grammar School Worcester']"
Q57661,"['Lycée Michel-Rodange', 'University of Strasbourg']"
Q276186,['University of Tampere']
Q277895,['University of Western Ontario']
Q57274,['University of Dar es Salaam']
Q57344,['']
Q313956,['Mithibai College']
Q163225,['University of Cambridge']
Q188214,"['Trinity College Dublin', 'Harvard Law School', 'Columbia University']"
Q311687,['La Sapienza University of Rome']
Q311440,['Instituto Superior Técnico']
Q76906,['University of Göttingen']
Q60137,['University of London']
Q101547,"['University of Sussex', 'University of Sussex', 'Hult International Business School', 'University of South Africa', 'Rand Afrikaans University', 'Glasgow Caledonian University', 'Stellenbosch University', 'University of London']"
Q228862,['Stockholm Academy of Dramatic Arts']
Q560163,['National School of Drama']
Q115735,['Drama Centre London']
Q287828,['École normale supérieure']
Q295445,['Hollywood High School']
Q327293,"['Chelsea College of Art and Design', 'Middlesex University', 'Hornsey College of Art']"
Q358158,"['University of Paris (1896-1968)', 'University of São Paulo']"
Q2538,['University of Rostock']
Q170344,['Kunstakademie Düsseldorf']
Q214317,['École nationale supérieure des Beaux-Arts']
Q232468,['University of Siena']
Q18143,['Beijing Foreign Studies University']
Q310692,"['Sciences Po', 'Lycée Pasteur']"
Q12382,['Kanazawa College of Art']
Q446960,['University of New South Wales']
Q140575,"['University of Pennsylvania', 'Cairo  University', 'Alexandria University']"
Q355237,"['Tours University', 'School for Advanced Studies in the Social Sciences']"
Q125731,"['Stanford University', 'Hebrew University of Jerusalem']"
Q551439,['Cours Hattemer']
Q57276,"['Indiana University Bloomington', 'University of Manchester', 'Indiana University']"
Q57434,"['University of Economics, Prague', 'Cornell University']"
Q55424,"['Sydney Law School', 'University of Sydney']"
Q204162,['John Curtin College of the Arts']
Q115243,"['Collège Notre Dame de Jamhour', 'Saint Joseph University']"
Q221575,['Yanka Kupala State University of Grodno']
Q311019,"['Moscow State University', 'Moscow State Forest University', 'MSU Faculty of Mechanics and Mathematics']"
Q331759,['Davidson High School']
Q180795,"['University of Isfahan', 'University of Isfahan', 'University of Tehran']"
Q600051,"['Collège Stanislas de Paris', 'Cours Simon']"
Q55637,['Complutense University of Madrid']
Q212990,['Universidad Autónoma de Ciudad Juárez la más culera de todas']
Q233397,['Girton College']
Q240802,['Conservatoire national supérieur de musique et de danse']
Q165693,['Saint Petersburg Conservatory']
Q1076962,"['Royal Military College of Canada', 'United States Air Force', 'University of Tennessee']"
Q256531,['University of Nairobi']
Q230448,"['Victoria University of Wellington', 'Chelsea College of Art and Design', 'Australian Film, Television and Radio School', 'University of Sydney']"
Q131152,['University of Tehran']
Q312101,['University of Łódź']
Q235451,['University of Western Ontario']
Q295537,['H.S. Skovoroda Kharkiv National Pedagogical University']
Q380685,"[""Accademia Nazionale d'Arte Drammatica Silvio D'Amico"", 'Experimental Centre of Cinematography']"
Q474980,['Harvard Law School']
Q1231345,['United States Army Command and General Staff College']
Q164373,"['Armed Forces Academies Preparatory School', 'Eastern Kentucky University']"
Q3910,"['École Navale', 'Amherst College']"
Q314935,['Fanshawe College']
Q80309,"['Film and Television Institute of India', 'National School of Drama']"
Q185421,['Japan Institute of the Moving Image']
Q187413,"['Harvard Law School', ""St Antony's College"", 'Harvard Extension School', 'University of Antioquia']"
Q285084,['Tokyo Gakugei University']
Q52922,['Stockholm University']
Q160263,['Hebrew University of Jerusalem']
Q313593,"['University of Toronto', 'Dulwich College', ""Queen's University""]"
Q217070,"['Lycée Louis-le-Grand', 'École normale supérieure', ""École nationale d'administration"", 'Sciences Po', 'Lycée Janson-de-Sailly']"
Q236148,"['National Film School of Denmark', 'Bezalel Academy of Art and Design']"
Q235351,['Bristol Old Vic Theatre School']
Q363577,['Facultad de Filosofía y Letras (Universidad de Granada)']
Q154490,['Institut des hautes études cinématographiques']
Q1459658,"['Donetsk National Technical University', 'Ukrainian State University of Finance and International Trade']"
Q44187,['Saint Petersburg Theological Academy']
Q43135,[]
Q348577,"[""St John's College"", ""The Queen's College"", ""St Patrick's Seminary"", 'Sydney Law School', 'University of Sydney']"
Q2757,"['Faculty of Law and Administration, University of Warsaw']"
Q364315,"['École Polytechnique', 'Paris Dauphine University', ""École nationale d'administration"", 'Mines ParisTech', 'Sciences Po', 'Lycée Janson-de-Sailly']"
Q43932,['Ashfield Boys High School']
Q946,['']
Q44845,"['Ludwig Maximilian University of Munich', 'University of Hamburg', 'Wittelsbacher-Gymnasium München']"
Q705522,['Nihon University']
Q343510,['Tufts University']
Q334989,['Mohammed V University']
Q310161,['University of Barcelona']
Q713477,['Lycée Condorcet']
Q46052,['Aarhus University']
Q234807,['École nationale supérieure des Beaux-Arts']
Q218369,['Örebro University']
Q380443,"['École normale supérieure de Saint-Cloud', 'Lycée Henri-IV']"
Q434291,['Academy of Dramatic Art']
Q77112,['University of Southern California']
Q348436,['Meisei University']
Q73612,"['Royal Academy of Dramatic Art', 'University College Cork']"
Q485885,['University of Bologna']
Q28921,['Städtisches Luisengymnasium München']
Q469945,"['Aligarh Muslim University', 'Film and Television Institute of India', 'National School of Drama']"
Q29032,"['University of Economics, Prague']"
Q380133,"[""St Mary's College, Auckland""]"
Q337226,['Lycée Henri-IV']
Q44340,['Ludwig Maximilian University of Munich']
Q1187542,"['Free University of Brussels', 'University of Angers', 'University of Burundi', 'Free University of Brussels', 'University of Kinshasa']"
Q131660,"['Sciences Po', 'University of Paris (1896-1968)', ""École nationale d'administration"", 'Paris Nanterre University', 'Panthéon-Assas University']"
Q927550,"['Sydney Law School', 'Vaucluse Public School', 'Brasenose College', 'University of Sydney']"
Q219948,"[""Japan Women's University""]"
Q44653,"[""Ashfield Boys' High School""]"
Q466320,"['Harvard University', 'University of Delhi']"
Q366057,['Lycée Louis-le-Grand']
Q565692,['Cours Florent']
Q318508,['National Autonomous University of Mexico']
Q332689,['University of Nice Sophia-Antipolis']
Q312129,['McMaster University']
Q200029,['Kabul University']
Q294460,"['Liceo Classico Massimiliano Massimo', 'La Sapienza University of Rome', 'Massachusetts Institute of Technology']"
Q348144,"['Glasgow Caledonian University', 'Glasgow Caledonian University', 'Qom Hawza', 'University of Tehran']"
Q57292,['University of Music and Theatre Leipzig']
Q299161,['Complutense University of Madrid']
Q378710,['Miyagi Prefectural Sanuma Senior High School']
Q12963,['Bordeaux Montaigne University']
Q15849,"['University of Lisbon School of Law', 'Georgetown University', 'Edmund A. Walsh School of Foreign Service', 'University of Geneva']"
Q105994,['Ludwig Maximilian University of Munich']
Q173994,"['École Polytechnique', 'Paris Dauphine University', 'Massachusetts Institute of Technology', 'École des Ponts ParisTech']"
Q268675,"['Panthéon-Assas University', 'Paris-Sorbonne University - Paris IV', 'University of Paris VI: Pierre-and-Marie-Curie University']"
Q50002,['Bocconi University']
Q125663,['MSU The Institute of Asian and African Studies']
Q22368,['National Taiwan University']
Q154855,"['Complutense University of Madrid', 'University of Virginia']"
Q76844,"['Ludwig Maximilian University of Munich', 'London School of Economics and Political Science']"
Q159832,"['Maastricht Academy of Music', 'Royal Conservatory of Brussels', 'Royal Conservatory of Liège']"
Q2542,['University of Tübingen']
Q435626,['National Taiwan University of Arts']
Q231781,"['University of Paris (1896-1968)', 'University of Pisa', 'Scuola Normale Superiore']"
Q306,"['Pontifical Catholic University of Chile', 'Harvard University']"
Q234293,['Italia Conti Academy of Theatre Arts']
Q333585,['University of Tokyo']
Q381477,['Hindu Higher Secondary School']
Q192778,['Beirut Arab University']
Q130852,"['Keio University', 'University College London']"
Q65321,['Deutsche Film- und Fernsehakademie Berlin']
Q23261,['Osaka University of Arts']
Q81324,"['Stampede Wrestling', 'Ernest Manning High School', 'Mount Royal Collegiate']"
Q195616,"[""St. Stephen's College"", 'University of Delhi', 'Tufts University', 'The Fletcher School of Law and Diplomacy']"
Q185548,['University of Oslo']
Q231019,['Academy of Performing Arts']
Q465863,"[""St. Xavier's College, Mumbai"", 'Film and Television Institute of India', 'University of Mumbai']"
Q55172,['Gerasimov Institute of Cinematography']
Q212167,['Trinity College']
Q313077,['International Writing Program']
Q313042,"[""Queen's University Belfast""]"
Q347395,['City College of New York']
Q557272,['Cours Florent']
Q464932,"['University of Calcutta', 'Loreto College', 'Film and Television Institute of India']"
Q380272,['McMaster University']
Q311697,"['Mendelcollege', 'University of Groningen', 'Vrije Universiteit', 'University of Amsterdam']"
Q295589,['University of Turin']
Q5444,"['University of Bari', 'University of Salerno', ""D'Annunzio University of Chieti–Pescara""]"
Q170899,['National University of La Plata']
Q315633,"['National Autonomous University of Mexico', 'John F. Kennedy School of Government']"
Q191530,['Ankara University Faculty of Political Science']
Q174648,"['University of Madras', 'Jamnalal Bajaj Institute of Management Studies']"
Q123179,['Pratt Institute']
Q43944,"['Himachal Pradesh University', 'Habibia High School', 'Middle East Technical University']"
Q190572,['Universidad Iberoamericana']
Q123923,"['University of Sarajevo', 'Columbia University College of Physicians and Surgeons']"
Q55428,"[""St Paul's College, Raheny""]"
Q298149,"['National Polytechnic Institute', 'Yale University']"
Q183471,['']
Q156277,['Higher Metropolitan Seminary in Warsaw']
Q561124,"[""Conservatoire national supérieur d'art dramatique""]"
Q366834,"['California State University, Northridge', 'The Groundlings', 'Santa Monica College', 'Westchester Enriched Sciences Magnets']"
Q29213,['University of Helsinki']
Q104104,"['', 'University of Manchester']"
Q378116,"['École normale supérieure', 'Lycée Louis-le-Grand', 'Pantheon-Sorbonne University', 'University of Paris (1896-1968)']"
Q65126,['Humboldt University of Berlin']
Q543169,"[""Conservatoire national supérieur d'art dramatique""]"
Q42852,"['Istanbul University Faculty of Economics', 'University of Exeter', 'University of London']"
Q10681,"['Lycée Voltaire', 'University of Paris III: Sorbonne Nouvelle', 'University of Rennes 2 - Upper Brittany', 'École pratique des hautes études']"
Q32055,['École Polytechnique']
Q76167,"['Karachi Grammar School', 'University of Baghdad', 'Al-Azhar University']"
Q242351,['Charles University']
Q232273,['University of Barcelona']
Q236503,['University of Brasília']
Q550717,"['École nationale supérieure des Beaux-Arts', 'University of Paris III: Sorbonne Nouvelle']"
Q317512,['Complutense University of Madrid']
Q267244,"[""Conservatoire national supérieur d'art dramatique"", 'Conservatoire à rayonnement régional de Tours']"
Q12983,"['Katholieke Universiteit Leuven', 'Old University of Leuven']"
Q76699,"['Heidelberg University', 'Freie Universität Berlin', 'Kurfürst-Friedrich-Gymnasium (Heidelberg)', 'University of Freiburg']"
Q26321,"['University of Melbourne', 'Darwin College', 'University of Cambridge']"
Q2540,['University of Osnabrück']
Q311684,"['University of Oxford', 'Trinity College', 'Harvard University', 'Upper Canada College', 'University of Toronto']"
Q57405,"['Military Academy', 'Webster University', 'Bogor Agricultural University', 'United States Army Command and General Staff College', 'Sepuluh Nopember Institute of Technology', 'United States Army Airborne School', 'Ranger School', 'Fort Benning']"
Q229437,['University of Florence']
Q522232,"['University of Delhi', ""St. Stephen's College""]"
Q334871,"['University of Southern California', 'Williams College']"
Q230214,[]
Q202597,['Beijing Film Academy']
Q521221,['University of Toronto']
Q705477,"['Miami Dade College', 'University of Miami']"
Q82918,['Saint Petersburg State Polytechnical University']
Q312327,['Kanagawa University']
Q310867,"['The Lawrence School, Sanawar']"
Q76952,"['University of Fribourg', 'University of Freiburg']"
Q318712,"['University of Helsinki', 'Aalto University School of Arts, Design and Architecture']"
Q334126,['University of Chile']
Q518457,"[""Conservatoire national supérieur d'art dramatique""]"
Q515904,"['Institut des hautes études cinématographiques', 'Faculty of Arts of Paris']"
Q236543,"['Mount Saint Vincent University', 'University of New Brunswick']"
Q548400,['Lycée Pasteur']
Q178237,"['Trinity College Dublin', 'Marlborough College']"
Q188432,['Lee Strasberg Theatre and Film Institute']
Q240851,"['University of Calcutta', 'University of Iowa', 'Cornell University', 'Lady Brabourne College']"
Q467027,['University of Massachusetts Amherst']
Q299574,['University of Malaya']
Q68468,['Ludwig Maximilian University of Munich']
Q317814,['University of Texas at Austin']
Q49344,"['Boston University', 'London School of Economics and Political Science', 'University of Costa Rica', 'University of Essex']"
Q47602,['University of Pisa']
Q82695,['Moscow State University Faculty of Economics']
Q92620,"['Churchill College', 'University of Cambridge', 'Aarhus University']"
Q133308,"['Cairo  University', 'New York University School of Law']"
Q44507,"['Ludwig Maximilian University of Munich', 'Hochschule für Politik München']"
Q356719,"['École Polytechnique', 'Mines ParisTech', 'Collège Notre Dame de Jamhour', 'Collège Stanislas de Paris', 'Lycée Saint-Louis']"
Q57265,['Sudanese Military College']
Q157131,"['Ninth Belgrade Gymnasium', 'University of Belgrade Faculty of Philosophy', 'University of Konstanz']"
Q312944,['University of Theatre and Film Arts']
Q60306,['Central Saint Martins']
Q312719,['University of Delhi']
Q209617,"['College Notre Dame', 'University of South Africa']"
Q380265,['Musashino Art University']
Q167211,"['Complutense University of Madrid', 'Pantheon-Sorbonne University', 'National University of San Marcos', 'Pontifical Catholic University of Peru']"
Q310775,['University of Haiti']
Q184592,['Utrecht University']
Q336125,"['The Doon School', ""St. Stephen's College"", 'University of Delhi', 'St Edmund Hall']"
Q724172,"['Boğaziçi University', 'Mimar Sinan Fine Arts University']"
Q38554,"['Cours Simon', 'University of Poitiers']"
Q2740012,['Umeå University']
Q238315,['Institut des hautes études cinématographiques']
Q382197,"['Yale University', 'London Academy of Music and Dramatic Art']"
Q284731,['Cours Simon']
Q60068,"['Adyar Film Institute', 'Acharya Pathasala Public School']"
Q982005,"['Saint-Jean de Passy', 'University of Paris VI: Pierre-and-Marie-Curie University']"
Q290083,['University of Oslo']
Q307871,['Egyptian Military Academy']
Q8015,['University of Barcelona']
Q208591,['Uppsala University']
Q447507,['Paris Nanterre University']
Q273652,['']
Q381799,['University of Southern California']
Q16628,"['Tianjin Nankai High School', 'China University of Geosciences']"
Q379762,"['Corpus Christi College', 'Tonbridge School', 'Stanford University']"
Q234973,['Guildhall School of Music and Drama']
Q364881,"[""Parktown Boys' High School""]"
Q1377022,['University of Oxford']
Q102331,['University of São Paulo']
Q450335,"['University of Granada', 'Complutense University of Madrid', 'Escuelas Profesionales de la Sagrada Familia']"
Q382101,['Eduardo Mondlane University']
Q470758,['University College Dublin']
Q107130,"['Ness Wadia College of Commerce', 'St. Sebastian Goan High School', 'Kishinchand Chellaram College']"
Q343293,['University of São Paulo']
Q180383,['University of Auckland']
Q93181,['Hebrew University of Jerusalem']
Q172388,"['Harvard Business School', 'Harvard University', 'Stanford University', 'Columbia University', 'American University of Beirut', 'Kabul University']"
Q295898,['Ryazan Airborne Command High School']
Q122363,['IUAV University of Venice']
Q55369,"['Jagiellonian University', 'Ludwik Solski Academy for the Dramatic Arts']"
Q491635,['National Autonomous University of Mexico']
Q334760,"['University of California, Berkeley', 'Pui Ching Middle School', 'Chung Chi College', 'The Chinese University of Hong Kong']"
Q507940,['École Normale de Musique de Paris']
Q328744,"['Collège Saint Marc, Alexandria', 'Institut Le Rosey', 'Royal Military Academy Sandhurst']"
Q588259,"['Uppsala University', ""St. John's Medical College""]"
Q316292,"['University of Ibadan', 'Government College Umuahia']"
Q314587,['Sibelius Academy']
Q316864,['Moscow State Academy of Physical Culture']
Q440710,['La Sapienza University of Rome']
Q14342,"['Korea University', 'George Washington University']"
Q128553,"['Peter A. Allard School of Law', 'London School of Economics and Political Science', 'University of British Columbia']"
Q328800,['National University of Music Bucharest']
Q55418,['Ludwig Maximilian University of Munich']
Q179846,"['Gagarin Air Force Academy', '""M.M. Raskova"" Higher Military Aviation School of Pilots in Tambov']"
Q158340,"['Saint Petersburg Conservatory', 'University of Music and Performing Arts Vienna']"
Q559529,['University of Bologna']
Q236479,"['Central School of Speech and Drama', 'Rhodes University']"
Q557323,['Top Courses for Scriptwriters and Film Directors']
Q317182,['Conservatori Superior de Música del Liceu']
Q57313,['Azerbaijan State Oil and Industrial University']
Q560126,['La Sapienza University of Rome']
Q57454,['University of St. Gallen']
Q49090,['Bentley University']
Q53747,['Örebro University']
Q158753,['Berklee College of Music']
Q58311,"['Agricultural State University of Moldova', 'Hebrew University of Jerusalem']"
Q315062,['National Film School of Denmark']
Q11665,"['School of International and Public Affairs, Columbia University', 'Columbia University', 'The Hague Academy of International Law', 'Antioch College', 'International Institute of Human Rights']"
Q116861,['Victoria University of Wellington']
Q76179,"['University of Indonesia', 'Institut Teknologi Bandung', 'Padjadjaran University']"
Q133386,['Vrije Universiteit']
Q141114,"['Saint Petersburg State University', 'School # 206']"
Q52183,"[""Eden Girls' College""]"
Q55460,"[""Accademia Nazionale d'Arte Drammatica Silvio D'Amico"", 'La Sapienza University of Rome']"
Q159915,"['Moscow Conservatory', 'Jāzeps Vītols Latvian Academy of Music']"
Q202136,['University of Western Australia']
Q58217,"['Moscow State Institute of International Relations', 'School No.1414']"
Q78869,"['Akademisches Gymnasium Innsbruck', 'University of Innsbruck', 'University of Innsbruck']"
Q319839,['Gubkin University']
Q47846,['Tokyo Institute of Technology']
Q134068,"['Government College University', 'Punjab University Law College']"
Q57762,['Harvard University']
Q57643,"['University of Cambridge', 'United States Army Command and General Staff College', 'John F. Kennedy School of Government', 'Trinity College']"
Q47583,['La Sapienza University of Rome']
Q356369,['Westminster School']
Q313254,['Monash University']
Q4631,"['Cairo  University', 'University of Southern California']"
Q205058,['Yokohama City University']
Q170419,['National Autonomous University of Mexico']
Q1459699,['Ternopil National Economic University']
Q379604,"['University of Calcutta', 'Scottish Church College', 'Film and Television Institute of India']"
Q163714,"['University of Warsaw', 'Adam Mickiewicz University in Poznań']"
Q229424,['University of Warsaw']
Q363413,['Experimental Centre of Cinematography']
Q435468,['Royal Academy of Dramatic Art']
Q164106,['Eötvös Loránd University']
Q334412,"['École nationale supérieure des Beaux-Arts', 'University of Geneva', 'École du Louvre']"
Q381077,['Academy of Fine Arts Vienna']
Q457860,['Chuo University']
Q55758,['University of Gdańsk']
Q57331,['Royal Military Academy Sandhurst']
Q253350,"[""Japan Women's University""]"
Q529851,['Wesley College']
Q29207,['University of Turku']
Q707500,"['University of Toronto', 'Juilliard School']"
Q160058,"['University of Milan', 'Milan Conservatory']"
Q353461,['Academy of Music in Katowice']
Q53834,"['Rikkyo University', 'Sundance Institute']"
Q164578,"['Mimar Sinan Fine Arts University', 'Istanbul University', 'Istanbul State Academy of Fine Arts']"
Q458696,"['University of Southern California', 'USC School of Cinematic Arts', 'Pontifical Catholic University of Rio de Janeiro']"
Q168155,['Jagiellonian University']
Q45207,['']
Q236173,"['Université catholique de Louvain', 'University of Essex']"
Q258820,"['Campion School, Mumbai']"
Q61881,['University of Television and Film Munich']
Q25153,['University of Milan']
Q318808,['University of Seville']
Q314067,['Saratov Theatre School']
Q192893,['Charles University']
Q15048,['University of Mons-Hainaut']
Q60996,['Französisches Gymnasium Berlin']
Q47832,['University of Pavia']
Q4715,['University of Strasbourg']
Q299140,['University of Delhi']
Q366671,['Berklee College of Music']
Q242654,"['LaSalle Catholic College, Bankstown']"
Q457890,['The Chinese University of Hong Kong']
Q53046,"['La Sapienza University of Rome', 'Experimental Centre of Cinematography']"
Q162306,"['Harvard University', 'Eton College', 'University of Tokyo']"
Q314787,"['Exeter College', 'University of the Punjab']"
Q73506,['University College Dublin']
Q152690,['University College Dublin']
Q254462,"[""Accademia Nazionale d'Arte Drammatica Silvio D'Amico""]"
Q240575,"['Princeton University', 'Chapin School', 'Concord Academy', 'National Cathedral School']"
Q262413,"['University of California, Berkeley']"
Q268033,['Keio University']
Q266661,['MSU Faculty of Biology']
Q19216,"['Daan Junior High School', 'Taipei Municipal Jianguo High School', 'National Taiwan University', 'New York University School of Law', 'Harvard Law School']"
Q463639,['University of Iowa']
Q203806,['Ludwig Maximilian University of Munich']
Q428755,['University of Iowa']
Q350194,['Onehunga High School']
Q55917,"['Faculty of Law and Administration, University of Warsaw', 'Copernicus Bilingual High School in Warsaw', '']"
Q68039,['Józef Piłsudski University of Physical Education in Warsaw']
Q274348,['Complutense University of Madrid']
Q524544,"[""Accademia Nazionale d'Arte Drammatica Silvio D'Amico""]"
Q151917,"['Amherst College', 'London School of Economics and Political Science', 'Harvard University', 'London School of Economics and Political Science', 'Stockholm University', 'King City Secondary School']"
Q312464,['Sydney Church of England Grammar School']
Q192138,"['Faculty of Arts of Paris', 'University of Pristina']"
Q1258012,['University of Saskatchewan']
Q55429,['University College Dublin']
Q110963,"['Tohoku University', 'Toyama Chubu High school', 'Toyama City Shimazono Junior High School']"
Q561837,"['Pontifical Catholic University of Argentina', 'The Wharton School', 'Columbia Business School', 'Universidad del CEMA']"
Q3956186,"['La Sapienza University of Rome', 'University of Palermo']"
Q182609,['Ghent University']
Q77174,"['University of Tübingen', 'Goethe University Frankfurt']"
Q160902,"['University of Göttingen', 'Ratsgymnasium Goslar']"
Q19045,"['National Autonomous University of Mexico', 'University of California, Berkeley', 'University of Freiburg']"
Q380207,['University of Lisbon']
Q235980,['Universidade Federal da Bahia']
Q360471,"[""King's College"", 'Stanford University']"
Q106927,['Brera Academy']
Q338786,['The High School of Music & Art']
Q526725,"['Cooper Union', 'Tokyo University of the Arts']"
Q235233,['Autonomous University of Chihuahua']
Q240460,['Dalton School']
Q154550,['Dublin Institute of Technology']
Q951634,['University at Buffalo']
Q57954,"['University of Bonn', '']"
Q182452,"['Oryol State University', 'Russian Academy of State Service']"
Q497712,"['Kunstakademie Düsseldorf', 'University of Duisburg-Essen']"
Q272433,['Aleksander Zelwerowicz State Theatre Academy']
Q164624,"[""St. John's University""]"
Q314176,"['Columbia University', 'Columbia University School of the Arts']"
Q1670311,"['University of Marburg', 'University of Giessen']"
Q505666,['IUAV University of Venice']
Q553302,['']
Q704314,['Henderson High School']
Q460786,"['Juilliard School', 'Fiorello H. LaGuardia High School']"
Q78641,['University of Music and Performing Arts Vienna']
Q186316,['Cairo  University']
Q8056214,"['University of Tokyo', 'The Rockefeller University', 'Fukuoka Prefectural Fukuoka High School']"
Q59485,['Hochschule für bildende Künste Hamburg']
Q2395341,"['Kyoto University', 'Yamaguchi Prefectural Ube High School']"
Q75858,['Kunstakademie Düsseldorf']
Q315975,"['University of La Sabana', 'Harvard University']"
Q333849,['University of Lisbon']
Q917301,['First Belgrade Gymnasium']
Q77006,['Frankfurt University of Music and Performing Arts']
Q707890,"['Keio University', 'Bunka Fashion College']"
Q303350,"['Utrecht University', 'Radboud University Nijmegen', 'University of Groningen']"
Q730065,"['University of Tokushima', 'Nagoya University']"
Q207728,['Kabul University']
Q14345,"['Jin Young Daechang Elementary School', 'Jinyeong Middle School']"
Q144719,"[""St. Xavier's College, Mumbai"", 'University of Washington']"
Q72245,['University of Würzburg']
Q1611435,['École nationale supérieure Louis-Lumière']
Q131077,"['University of Tokyo', 'Stanford University']"
Q558799,['Baku Academy of Music']
Q427319,['Franz Liszt Academy of Music']
Q2537149,"['Harvard University', 'The Wharton School', 'Perelman School of Medicine at the University of Pennsylvania', 'Tower Hill School']"
Q435124,['Juilliard School']
Q332020,['University of the Andes']
Q57488,"['University of Dar es Salaam', 'Tanzania Military Academy']"
Q9099,['Universidad de la República']
Q1321265,['American Academy of Dramatic Arts']
Q545394,['Hofstra University']
Q454005,['University of Havana']
Q380376,['Uppsala University']
Q739004,['York University']
Q697131,['London School of Economics and Political Science']
Q161184,"['The Open University', 'Erasmus University Rotterdam', 'Addis Ababa University']"
Q381934,['Complutense University of Madrid']
Q242376,"['Mohammed V University', 'Brandeis University']"
Q471344,['Lycée français Chateaubriand']
Q450696,['Chiba University']
Q110719,"['University of Bonn', 'Saarland University']"
Q719205,['Waseda University']
Q123665,"['Edmund A. Walsh School of Foreign Service', 'Georgetown University', 'Ateneo de Manila University', 'University of the Philippines', 'Assumption College San Lorenzo']"
Q363231,['Université de Montréal']
Q57319,"['Lycée français René Descartes de Phnom Penh', 'Prague Conservatory']"
Q207426,"['University of San Francisco', 'Stanford Graduate School of Education']"
Q704388,['Aleksander Zelwerowicz State Theatre Academy']
Q65896,['University of Jena']
Q239419,"['University of Buenos Aires', 'University of Notre Dame', 'University of Poitiers']"
Q201005,"['Moscow Power Engineering Institute', 'Saint Petersburg State University of Engineering and Economics']"
Q186089,"['Moholy-Nagy University of Art and Design', 'Budapest University of Technology and Economics']"
Q963626,['University of Toronto']
Q61227,"['American University', 'University of Amsterdam']"
Q65116,['Ernst Busch Academy of Dramatic Arts']
Q57352,"['United States Army Command and General Staff College', 'The Leys School']"
Q233812,"['Russian State University of Physical Education, Sport, Youth and Tourism']"
Q92608,"['University of Toronto', 'Princeton University']"
Q60735,['University of Bonn']
Q312901,"['Technical University of Madrid', 'Complutense University of Madrid', 'Stanford University', 'French Institute of Petroleum', 'Complutense University of Madrid']"
Q910625,['National Theatre School of Canada']
Q447236,"['London School of Economics and Political Science', 'London School of Economics and Political Science', 'Massachusetts Institute of Technology']"
Q559838,"['École normale supérieure', 'Harvard University', 'Princeton University', 'Robert College']"
Q298063,"['Faculty of Law (University of Sarajevo)', 'University of Belgrade Faculty of Law', 'University of Greifswald']"
Q360961,['']
Q202168,['Nagoya University']
Q272438,['University of Geneva']
Q365469,['Moscow Conservatory']
Q132596,"['Gakushuin University', 'London School of Economics and Political Science', 'Stanford University']"
Q366456,"['Université Laval', 'Sciences Po']"
Q2851133,"['Jean Moulin University - Lyon 3', 'Paris Nanterre University']"
Q312831,['University of Porto']
Q2426702,['University of Bologna']
Q61629,"['Ludwig Maximilian University of Munich', 'Pantheon-Sorbonne University']"
Q468309,['University of Madras']
Q716700,"['University of Florida', 'University of Southern California', 'Florida State University']"
Q376062,['Kunstakademie Düsseldorf']
Q2722085,"['Panjab University', 'University of Delhi', 'Indian Institute of Technology Delhi', 'Faculty of Law']"
Q21001,"['Kyung Hee University', 'Namhang Elmentary School', 'Gyeongnam Middle School', 'Kyungnam High School']"
Q561596,['University of the Witwatersrand']
Q47547,['University of Milan']
Q57675,"['University of Nottingham', 'Gadjah Mada University']"
Q697129,"['University of Tübingen', 'State University of Music and Performing Arts Stuttgart']"
Q42939,['University of Warsaw']
Q266467,['Central School of Speech and Drama']
Q193354,['Mikhailovskaya Military Artillery Academy']
Q2475741,['Sir Jamsetjee Jeejebhoy School of Art']
Q57775,"['Academy of the Ministry of Interior, in Sofia']"
Q438603,['Plekhanov Russian Economic University']
Q544692,"['Royal Academy of Dramatic Art', 'Loyola Marymount University']"
Q318960,['Lenana School']
Q459299,['University of Chile']
Q237684,['Sarah Lawrence College']
Q76550,['Hochschule für Musik und Theater Hamburg']
Q51002,['Achimota School']
Q55910,['Silesian University of Technology']
Q44747,"['Institut Catholique de Paris', 'University of Vienna', 'University of Paris (1896-1968)']"
Q253891,"[""Queen's University""]"
Q504722,['London Film School']
Q71024,"['University of Würzburg', 'Technical University of Munich', 'Technische Universitat Braunschweig']"
Q612167,['Mithibai College']
Q1148669,"['University of South Africa', 'University of Limpopo']"
Q356473,['Dublin Institute of Technology']
Q78772,"['University of São Paulo', 'University of Vienna']"
Q156546,['Moscow Conservatory']
Q1256457,['National Autonomous University of Mexico']
Q714651,['AFI Conservatory']
Q294578,['University of Buenos Aires']
Q614851,['University of Montana']
Q239105,['University of Lisbon']
Q75791,['Ludwig Maximilian University of Munich']
Q716893,"['Austin High School', 'University of Texas at Austin']"
Q234621,['Experimental Centre of Cinematography']
Q2720141,['Trinity Laban Conservatoire of Music and Dance']
Q43137,['Chernivtsi Art School']
Q174662,"[""Queen's University Belfast""]"
Q2175443,['']
Q58198,"['Boğaziçi University', 'Istanbul High School']"
Q170342,['Uppsala University']
Q151944,['Autonomous University of Santo Domingo']
Q151879,"['Universidad Católica ""Nuestra Señora de la Asunción""', 'Pontifical Gregorian University']"
Q297112,"['John Muir High School', 'Pasadena City College']"
Q334045,"['Free University of Brussels', 'Free University of Brussels']"
Q57373,"[""St Patrick's High School, Karachi"", 'Cadet College Petaro']"
Q370293,['Royal College of Music']
Q313818,['Royal College of Music in Stockholm']
Q47556,['University of Bologna']
Q57289,"['Columbia College', 'Columbia University', 'University of Pennsylvania']"
Q379520,['International Writing Program']
Q234001,['Salesian Pontifical University']
Q205242,"['University of Delhi', 'University of Cambridge']"
Q256763,['University of Bergen']
Q468234,"['London School of Economics and Political Science', ""King's College London""]"
Q57627,['University of Ljubljana']
Q702439,['Royal Academy of Fine Arts']
Q958151,"['Universidad del Pacifico', 'Pontifical Catholic University of Peru', 'University of California, San Diego']"
Q512062,"['University of Szeged', 'Eötvös Loránd University']"
Q365616,['University of the Basque Country']
Q57625,['University of Tirana']
Q201670,['Simon Fraser University']
Q239656,"['Kyeongbuk High School', 'Kyungpook National University']"
Q666092,['University of the Witwatersrand']
Q449220,['University of Sydney']
Q97270,"['University of Göttingen', 'RWTH Aachen University', 'Harvard University']"
Q698710,['Chinese Culture University']
Q465628,['University of Barcelona']
Q235549,['Konzervatórium v Bratislave']
Q245207,['Technical University of Madrid']
Q57379,"['Sankt-Peterburgskiĭ gosudarstvennyĭ universitet. Ėkonomicheskiĭ fakulʹtet', 'Georgetown University']"
Q319497,"['Moscow State Law University', '', '']"
Q158465,['MSU Faculty of Mechanics and Mathematics']
Q295647,"['McMaster University', 'University of Chicago']"
Q434272,"['University of Toronto Faculty of Law', 'University of Western Ontario']"
Q1464,['Ateneo de Manila University']
Q65774,"['State University of Music and Performing Arts Stuttgart', 'Hölderlin-Gymnasium Nürtingen']"
Q128933,"['Université de Montréal', 'University of Florence', 'University of Perugia']"
Q474262,"['University of California, Berkeley']"
Q48775,['Ben-Gurion University of the Negev']
Q3442375,"['Samrat Ashok Technological Institute', 'Barkatullah University']"
Q12981,"['Katholieke Universiteit Leuven', 'Ghent University', 'Old University of Leuven']"
Q484572,['Chung-Ang University']
Q443868,['University of Bergen']
Q60813,['High School of Music Hanns Eisler']
Q44501,"['Halki seminary', 'Zografeion Lyceum', 'Ludwig Maximilian University of Munich', 'Bossey Ecumenical Institute']"
Q713511,['Keio University']
Q169179,"['School of Economics and Business Sarajevo', 'University of Sarajevo']"
Q158136,['Panjab University']
Q466325,"['University of Calcutta', 'Presidency University']"
Q468374,"[""St Joseph's College, Bangalore""]"
Q67268,['Deutsche Film- und Fernsehakademie Berlin']
Q92622,"['Carnegie Mellon University', 'University of Calgary']"
Q318388,['J. L. Ilsley High School']
Q62331,['Hochschule für Grafik und Buchkunst Leipzig']
Q542101,"['', 'Saint Petersburg Lyceum 239']"
Q164721,['Französisches Gymnasium Berlin']
Q269244,['University of York']
Q543682,"['Clare College', 'Wolfson College', 'William Ellis School', 'University of Oxford']"
Q543563,"['Australian Film, Television and Radio School', 'University of Sydney']"
Q21822,"['Peking University', 'Chinese Academy of Social Sciences']"
Q312668,"['Complutense University of Madrid', 'University of Chile', 'Higher University of San Andrés']"
Q241432,['Sibelius Academy']
Q512015,['Moscow Conservatory']
Q449104,['Massey High School']
Q57815,"[""St Patrick's College"", 'NUI Galway']"
Q944546,['Mithibai College']
Q105494,"['Harvard Medical School', 'McGill University', 'Harvard University', 'The Rockefeller University']"
Q2083681,['Complutense University of Madrid']
Q554406,['Colegio Nacional de Buenos Aires']
Q457786,"['San Beda University', 'Lyceum of the Philippines University', 'University of the Philippines', 'Ateneo de Davao University']"
Q65123,"['', 'University of Tübingen', 'University of Education Schwaebisch Gmuend', 'Freie Universität Berlin']"
Q463533,"['Pontifícia Universidade Católica de São Paulo', 'Law School, University of São Paulo', 'University of São Paulo']"
Q315362,['University of Essex']
Q1343162,['University of New Hampshire']
Q57413,"['Drexel University', 'The Wharton School']"
Q346204,"['Juilliard School', 'Fiorello H. LaGuardia High School']"
Q351222,['Jagiellonian University']
Q1342843,"['Cours Simon', 'University of Paris (1896-1968)']"
Q540725,['Universidad Iberoamericana']
Q502957,"['École Normale de Musique de Paris', 'Saint Joseph University']"
Q123966,['ETH Zurich']
Q583814,['National University of La Plata']
Q202164,['Nagoya University']
Q355265,"['University of Barcelona', 'Autonomous University of Barcelona']"
Q57657,['Leipzig University']
Q726925,['New York University Tisch School of the Arts']
Q919236,['Rikkyo University']
Q256958,['University of Hong Kong']
Q2319562,['Aligarh Muslim University']
Q451058,"['Waseda University', 'University of Hamburg', 'University of Zurich']"
Q550428,"['University of British Columbia', 'Courtauld Institute of Art']"
Q33031,['University of Belgrade Faculty of Law']
Q270559,['Swedish National Academy of Mime and Acting']
Q442931,"['Philology Department (Bucharest University)', 'Cantemir Vodă National College']"
Q456321,[]
Q237033,['International Writing Program']
Q460457,"['Brown University', 'Yale School of Drama']"
Q15056,"['Katholieke Universiteit Leuven', 'University of Namur']"
Q563895,['M.S. Schepkin Higher Theatre School']
Q725462,"['University of Tokyo', 'Columbia University', 'Keio University']"
Q179242,"['Paris Diderot University', 'University of Lyon']"
Q76446,['Ludwig Maximilian University of Munich']
Q700175,['Hong Kong Polytechnic University']
Q701257,['University of Pennsylvania']
Q241081,['Centennial High School']
Q217096,"['Merton College', 'Gakushuin University']"
Q366783,['University of Sarajevo']
Q318413,"['Cheltenham High School', 'Harvard University', 'Hebrew University of Jerusalem']"
Q467869,"['Cairo  University', 'University of Illinois at Chicago']"
Q265179,['University of São Paulo']
Q487155,['National Autonomous University of Mexico']
Q57380,['University of Port Harcourt']
Q361567,"['United States Army War College', 'Nigerian Defence Academy']"
Q355188,['Royal Military College of Canada']
Q57258,"['University of Mostar', 'University of Zagreb']"
Q315534,"['Collège Notre Dame de Jamhour', 'Saint Joseph University']"
Q1336515,['University of Toronto']
Q260802,"['Vrije Universiteit Brussel', 'Free University of Brussels']"
Q236684,['Seikei University']
Q207655,['MF Norwegian School of Theology']
Q381759,['Moscow Conservatory']
Q2347152,['Don Bosco High School']
Q18111,['Peking University']
Q57467,"['Révai Miklós Gimnázium', 'Eötvös Loránd University']"
Q311063,['University of Copenhagen']
Q233966,['Sciences Po']
Q171346,['University of Brasília']
Q605194,"['Columbia University', 'University of Chile']"
Q34580,['Setagaya Gakuen  Junior High School and  High School']
Q431128,['Royal College of Music']
Q274342,['Saint Petersburg State University']
Q167444,"['Grinnell College', 'University of Dar es Salaam', 'Iowa State University']"
Q434118,"['Campion Hall', 'University of Oxford', 'Monash University', ""St Patrick's College, Ballarat"", 'Loreto College, Victoria', 'Pontifical Urbaniana University']"
Q237693,['Universidade Federal do Acre']
Q560307,"['Cairo  University', 'Leiden University']"
Q362742,['Ryerson University']
Q725247,"['Corpus Christi College', 'Memorial University of Newfoundland']"
Q291455,['Royal Academy of Dramatic Art']
Q95099,"['University of Toronto Faculty of Law', 'University of Manitoba']"
Q272416,"['Sciences Po', 'Columbia University', 'School of International and Public Affairs, Columbia University']"
Q285549,['Sciences Po']
Q2320966,['Complutense University of Madrid']
Q55932,"['SGH Warsaw School of Economics', ""St. John's University""]"
Q288146,['The University of Victoria']
Q487950,['Chelyabinsk State University']
Q923582,"['Harvard University', 'University of Chile', 'Pontifical Catholic University of Chile']"
Q57338,"['Richmond College', 'Nalanda College']"
Q171228,"['University of Ljubljana', 'University of Maribor']"
Q434374,"['Oslo Waldorf School', 'Kunstakademie Düsseldorf']"
Q609095,['Hebrew University of Jerusalem']
Q462874,"['University of Oxford', 'Hebrew University of Jerusalem']"
Q385488,['Academy of Music in Kraków']
Q535906,"['California State University, Los Angeles']"
Q930903,"['Philological Faculty of Moscow State University', 'Top Courses for Scriptwriters and Film Directors']"
Q515592,['Aleksander Zelwerowicz State Theatre Academy']
Q229606,['National and Kapodistrian University of Athens']
Q793985,['University of Mysore']
Q739820,"['McGill University Faculty of Law', 'Cornell University']"
Q112182,['University of Music and Performing Arts Vienna']
Q447694,['American Academy of Dramatic Arts']
Q834338,['Mithibai College']
Q1373377,['Sainik School']
Q166565,['Caulfield Grammar School']
Q471175,['Lund University']
Q6756617,['University of Lisbon School of Law']
Q264253,"['Lviv University', 'National University of Theatre, Film and TV in Kiev']"
Q357918,['Eötvös Loránd University']
Q337384,['University of Copenhagen']
Q2125645,['University of Vienna']
Q78610,['University of Vienna']
Q3407316,"['Panthéon-Assas University', 'National and Kapodistrian University of Athens']"
Q384784,['Netherlands Film Academy']
Q221771,"['University of Barcelona', 'Universidad de Bilbao']"
Q320624,"['Tel Aviv University', 'University of Warwick', 'Weizmann Institute of Science']"
Q57385,['General Military Academy']
Q461085,['Russian Institute of Theatre Arts']
Q526885,"['Ghent University', 'Royal Conservatory of Brussels']"
Q30942,['University of Amsterdam']
Q164281,['Massachusetts Institute of Technology']
Q348868,"[""St Anne's College""]"
Q241812,"[""Queen's College London""]"
Q1341481,['']
Q718329,"['Tel Aviv University', 'School for Advanced Studies in the Social Sciences', 'University of Paris (1896-1968)']"
Q352101,['The Southport School']
Q191311,"[""St. Xavier's College"", 'University of Calcutta', 'Indian Institute of Social Welfare and Business Management']"
Q719134,['National Theatre School of Canada']
Q558744,['Beijing No.4 High School']
Q217358,['University of Nebraska–Lincoln']
Q528907,"['Australian National University', 'University of New South Wales Law School']"
Q62551,['Moscow State Automobile and Road University of Technology']
Q335397,['University of Oregon']
Q356383,"['Sydney Boys High School', 'University of Queensland']"
Q309814,"['University of Edinburgh', 'University of Queensland']"
Q325741,['Christ Church']
Q109582,"['London School of Economics and Political Science', 'University of Essex']"
Q354897,"['Stanford University', 'University of Helsinki', 'Stanford Graduate School of Business']"
Q894948,"['National Polytechnic School', 'Télécom Paris']"
Q560930,['University of Helsinki']
Q238290,['University of Music and Performing Arts Vienna']
Q219569,['Tel Aviv University']
Q314116,"['Gagarin Air Force Academy', 'Military Academy of the General Staff of the Armed Forces of Russia', 'Barnaul Military Aviation High School', 'Russian Academy of State Service']"
Q703330,"['Massachusetts Institute of Technology', 'Federal University of Rio de Janeiro']"
Q236233,"['Moscow State University, Faculty of Law']"
Q706272,"['National University of Colombia', 'Pontifical Xavierian University']"
Q184810,"['Corvinus University of Budapest', 'University of Physical Education']"
Q326,['University of Chile']
Q225193,['South Russian State Technical University']
Q263552,['École pratique des hautes études']
Q736858,"['University of Lisbon', 'Technical University of Lisbon', 'Instituto Superior Técnico']"
Q313300,"['National University of Singapore', 'Williams College']"
Q130786,['']
Q32024,['Krasnoyarsk State Technical University']
Q151796,['Bar-Ilan University']
Q2368352,['Russian Institute of Theatre Arts']
Q465183,['International Writing Program']
Q233205,"['Hebrew University of Jerusalem', 'Hadassah Medical Center', 'Technion – Israel Institute of Technology']"
Q238941,['Royal Irish Academy of Music']
Q1262052,"['Indiana State University', 'Indiana University']"
Q380695,['Waseda University']
Q367589,['University of Auckland']
Q310263,"[""Queen's University Belfast""]"
Q548733,"['Millfield', 'Royal Military College']"
Q311229,"['University of Deusto', 'John F. Kennedy School of Government', 'University of Paris (1896-1968)']"
Q241546,"['National Film School of Denmark', 'Ingrid Jespersens Gymnasieskole']"
Q162740,['University of Belgrade Faculty of Law']
Q3259614,['University of Groningen']
Q6832227,"[""King's College London"", 'Peterhouse']"
Q366242,"['Film and Television Institute of India', 'Gandhigram Rural Institute']"
Q738544,['Nihon University']
Q380221,"['Trinity College', 'University of Madras']"
Q709244,['University of Guayaquil']
Q144048,['Technical University of Madrid']
Q267796,['Vaganova Academy of Russian Ballet']
Q57327,['Royal Military Academy Sandhurst']
Q57521,['Pantheon-Sorbonne University']
Q57366,['Tajik National University']
Q347691,['Harvard College']
Q469550,['Boris Shchukin Theatre Institute']
Q125354,['Aleksander Zelwerowicz State Theatre Academy']
Q182367,"['Instituto Superior de Engenharia de Coimbra', 'Sciences Po', 'University of Lisbon', 'Technical University of Lisbon']"
Q3123705,['Narsee Monjee College of Commerce and Economics']
Q952160,"['Complutense University of Madrid', 'University of Music and Performing Arts Vienna']"
Q439168,['Colegio La Salle Bonanova']
Q381254,['University of Tehran']
Q260617,"['University of Cape Town', 'Michaelis School of Fine Art']"
Q93820,['Hochschule für Musik und Theater München']
Q92749,"['Ghent University', 'University of Michigan']"
Q91023,"['Helmholtz-Gymnasium Bonn', 'University of Bonn', 'University of Florence', 'Ludwig Maximilian University of Munich', 'University of Vienna']"
Q1325374,['Nihon University']
Q560986,"['University of Chicago', 'University of Mumbai', 'Brandeis University']"
Q1344415,['Kanto Gakuin University']
Q29110,"['Dartmouth College', 'University of Helsinki']"
Q366255,['University of Lausanne']
Q730045,['The Doon School']
Q569063,"['Harvard Law School', 'Federal University of Rio de Janeiro']"
Q353690,['Cairo  University']
Q348180,['Henan University']
Q2721855,"[""Maharaja's College"", 'Government Law College, Ernakulam']"
Q1357018,"['Humboldt University of Berlin', 'Deutsche Film- und Fernsehakademie Berlin']"
Q713514,['Swedish National Academy of Mime and Acting']
Q614296,['University of Barcelona']
Q289350,"['Harvard University', 'Massachusetts Institute of Technology', 'MIT School of Architecture and Planning']"
Q188978,"['National and Kapodistrian University of Athens', 'The Fletcher School of Law and Diplomacy', 'Tufts University']"
Q107067,['Kurukshetra University']
Q207432,"['Sciences Po', 'Sciences Po Aix']"
Q1358652,['National Autonomous University of Nicaragua']
Q184411,"['University of Southern California', ""St. Xavier's College, Mumbai""]"
Q582603,['Stockholm University']
Q432712,['Kenya Utalii College']
Q680728,"['Leiden University', 'Nihon University']"
Q265996,['Aleksander Zelwerowicz State Theatre Academy']
Q188296,['Saint Petersburg State University of Telecommunications']
Q1367078,['University of Madrid']
Q323344,"['Panjab University', 'University of Essex']"
Q115630,"['University of California, Berkeley', 'Harvard University', 'Institute for Advanced Study Berlin', 'Heidelberg University']"
Q206215,['Kyoto University']
Q222831,"['London School of Economics and Political Science', ""Peoples' Friendship University of Russia""]"
Q57530,['Turkmenistan State Medical University']
Q220834,['Ohio University']
Q458787,['Alfred E. Smith Career and Technical Education High School']
Q489893,"['Saint Petersburg State University of Information Technologies, Mechanics and Optics']"
Q2475653,['Film and Television Institute of India']
Q719434,['Complutense University of Madrid']
Q380267,"['Russian State University of Physical Education, Sport, Youth and Tourism']"
Q779875,"['University of Barcelona', 'Autonomous University of Barcelona']"
Q218958,['Franz Liszt Academy of Music']
Q381726,['Sibelius Academy']
Q41585344,"['University of Geneva', 'University of Basel', 'University of Lausanne', 'École polytechnique fédérale de Lausanne']"
Q4790366,"['Technion – Israel Institute of Technology', 'Weizmann Institute of Science']"
Q549233,['University of Hong Kong']
Q237416,"['International Writing Program', 'University of Zagreb']"
Q328776,"['Saint Joseph University', 'Collège Notre Dame de Jamhour']"
Q381104,['University of Helsinki']
Q920963,"['Auckland Grammar School', 'University of Auckland']"
Q450243,"['Syracuse University', 'Middlebury College', 'Phillips Academy']"
Q1138332,['Meiji University']
Q110126,['Istanbul University']
Q472114,['Moscow Conservatory']
Q273696,"['Slade School of Fine Art', 'Byam Shaw School of Art']"
Q357946,['International School of Geneva']
Q465018,"[""Bishop Cotton Girls' School""]"
Q705423,['University of Belgrade']
Q125970,['Osaka Prefecture University']
Q267471,['Tama Art University']
Q285833,"['Piarist Gymnasium of Budapest', 'Pázmány Péter Catholic University', '', 'Central seminary (Budapest)', 'Pontifical Lateran University', '']"
Q10819807,['University of Economics in Bratislava']
Q540764,['Delft University of Technology']
Q272163,['University of the Andes']
Q10296812,"['San Francisco State University', 'Josef Korbel School of International Studies']"
Q2365826,['Moscow Art Theatre School']
Q612279,['Prince Edward School']
Q305523,"['Institut national des langues et civilisations orientales', 'Wako University']"
Q294618,"['University of Seoul', 'University of Liberia']"
Q430204,['Sciences Po']
Q55930,['Adam Mickiewicz University in Poznań']
Q964396,['University College Dublin']
Q229517,['University of Helsinki']
Q463501,"['Moscow State Linguistic University', 'Moscow State Regional University']"
Q558440,['Royal Conservatory of The Hague']
Q365427,['Pontifical Xavierian University']
Q384863,['Keio University']
Q172753,['Xavier College']
Q468626,['Saint Petersburg Conservatory']
Q1607373,['Film and Television Institute of India']
Q374803,"['Hebrew University of Jerusalem', 'University of Cambridge']"
Q450630,['Stockholm University']
Q728660,"['La Trobe University', 'University of New South Wales', 'Monash University']"
Q447776,"['Bordeaux Montaigne University', 'School for Advanced Studies in the Social Sciences']"
Q32452,"['The Doon School', 'University of Delhi', 'London Academy of Music and Dramatic Art']"
Q307613,"['Damascus University', 'Al-Azhar University']"
Q612949,"['Yerevan State University', 'Faculty of Oriental Studies of the St. Petersburg University']"
Q2227698,"['Moscow Architectural Institute', 'Moscow school number 19']"
Q368732,"['Bar-Ilan University', 'Tel Aviv University']"
Q231516,['Rostov State Pedagogical University']
Q614869,"['Logos University', 'National University of Distance Education']"
Q930462,['Technological University of Pereira']
Q505940,"['Australian Film, Television and Radio School']"
Q727416,['Complutense University of Madrid']
Q352975,['University of Amsterdam']
Q299968,['University of Arts in Belgrade']
Q291293,['National Institute of Dramatic Art']
Q442656,['Galatasaray High School']
Q2064734,['Yıldız Technical University']
Q520747,['University of Television and Film Munich']
Q258753,['University of Oklahoma']
Q153778,['Juilliard School']
Q2015324,"['Aichi Prefectural University of Fine Arts and Music', 'Kunstakademie Düsseldorf']"
Q534080,"['University of Warsaw', 'Yale University']"
Q15023,"['University of the West of England, Bristol', 'Hong Kong Polytechnic University', ""King's College""]"
Q10304982,['Academia Militar das Agulhas Negras']
Q11538917,"['Saitama University', 'University of Tokyo']"
Q347695,['Uppsala University']
Q983249,['University of Melbourne']
Q468043,['École normale supérieure']
Q211097,"['Norwegian School of Economics', 'Tepper School of Business']"
Q122285,"['University of Bern', 'University of Geneva']"
Q917318,"['Meiji Gakuin University', 'Meiji University']"
Q452371,"['Maxim Gorky Literature Institute', 'Ukrainian Academy of Printing']"
Q57350,['Institut aéronautique et école de pilotage Amaury de la Grange']
Q331707,"['Ain Shams University', 'Ankara Üniversitesi. Fen Fakültesi', 'Al-Azhar University']"
Q494835,['National Film School in Łódź']
Q459998,"['Keio University', 'Nihon University']"
Q104705,"['Barewa College', 'Ahmadu Bello University']"
Q2657585,"['London School of Economics and Political Science', 'Johns Hopkins University']"
Q261703,"['Cairo  University', 'Kwansei Gakuin University', 'The American University in Cairo']"
Q1396516,['Escola de la Llotja']
Q532645,['Beijing Film Academy']
Q313171,['Eugeniusz Piasecki Academy of Physical Education in Poznan']
Q250041,"['University of Canterbury', 'Papanui High School']"
Q121778,"['Heilongjiang University', 'Brandeis University', 'Shandong University']"
Q400837,"['Massachusetts Institute of Technology', 'University of Chicago']"
Q241771,"[""Aoyama Gakuin Women's Junior College""]"
Q51008,"['University of Ghana', 'Achimota School', 'School of Oriental and African Studies', 'London School of Economics and Political Science']"
Q57772,['Commercial College of Iceland']
Q15024,"['University of Hong Kong', 'John F. Kennedy School of Government', 'Harvard University']"
Q113628,['Institut des hautes études cinématographiques']
Q729094,"['London School of Economics and Political Science', 'Hebrew University of Jerusalem']"
Q472728,['University of Edinburgh']
Q908305,"['National University of Córdoba', 'Harvard University']"
Q2426085,['London Academy of Music and Dramatic Art']
Q155004,"['Royal Military Academy', 'Stanford University', 'Trinity College']"
Q470843,['Royal Academy of Fine Arts']
Q960311,['Adam Mickiewicz University in Poznań']
Q1252398,['University of Zimbabwe']
Q285908,['York University']
Q168039,"['Ghent University', 'Royal Conservatory of Ghent']"
Q1683061,"['Faculty of Philosophy and Sociology, University of Warsaw']"
Q659027,"['University of California, Berkeley', 'University of Chile']"
Q271966,['University of Bucharest']
Q237615,['Thornhill College']
Q715461,['Universidad Iberoamericana']
Q310886,"['Sciences Po', ""École Nationale de la France d'Outre-Mer"", ""Università della Valle d'Aosta""]"
Q185272,['University College Dublin']
Q504137,['M.V. Frunze Military Academy']
Q250834,['Rafael Landívar University']
Q951018,"['University of California, Los Angeles', 'New York University Tisch School of the Arts']"
Q697200,['Academy of Fine Arts Vienna']
Q704022,"['Universidad Externado de Colombia', 'University of Salamanca', 'Université catholique de Louvain', 'High School of Public Administration of Colombia. (ESAP)', 'Pontifical Xavierian University']"
Q748582,['Tama Art University']
Q368947,"['Saint Petersburg Mining University', 'Saint Petersburg State Polytechnical University', 'Russian Academy of State Service', 'Faculty of Law, Saint Petersburg State University']"
Q382901,['Berklee College of Music']
Q317797,['Kabul University']
Q464862,"['Ludwig Maximilian University of Munich', 'National and Kapodistrian University of Athens']"
Q44111,['Technion – Israel Institute of Technology']
Q3312283,"[""St Peter's College"", 'University of Adelaide', 'University College']"
Q467960,"[""St. Xavier's College, Mumbai"", 'University of Mumbai']"
Q209611,['University of Oslo']
Q268575,['Moscow Conservatory']
Q334835,"['University of Paris (1896-1968)', 'University of Fribourg']"
Q1288359,"['Pratt Institute', 'New York University', 'En los muelles de la cama']"
Q351738,['Faculty of Law (University of the Basque Country)']
Q150080,"['Moscow State Technological University', 'All-Russian Academy of Foreign Trade']"
Q237782,['Ss. Cyril and Methodius University of Skopje']
Q2038656,['Delhi Public School Society']
Q369561,"['MSU Faculty of Mechanics and Mathematics', 'University of Kharkiv']"
Q1140743,['Universidade Federal da Bahia']
Q92600,['Moscow Aviation Institute']
Q1323453,"[""Fuji Women's University""]"
Q248059,['TED Ankara College Foundation Schools']
Q254385,['Anglican Church Grammar School']
Q316013,['Tokyo Institute of Technology']
Q1387048,"['Surrey Institute of Art & Design, University College', ""Écoles d'art de Genève""]"
Q311796,"['University of Geneva', 'Institut Le Rosey']"
Q458709,['La Sapienza University of Rome']
Q57360,['Royal Military Academy Sandhurst']
Q333415,['Indian Military Academy']
Q275604,"['Vrije Universiteit Brussel', 'Free University of Brussels']"
Q467415,['Kyushu Sangyo University']
Q181832,['Hebrew University of Jerusalem']
Q1351575,['Theatre Academy Helsinki']
Q82556,['Technical University of Denmark']
Q613051,"['National Polytechnic University of Armenia', 'Moscow State University']"
Q188244,['Potchefstroom University for Christian Higher Education']
Q92639,"['Princeton University', 'National Technical University of Athens']"